Index,Collisions,Hash
0,50,K840OT
1,8,C895MX
2,86,G563IK
3,179,E957QB
4,203,B565NW
5,20,E975NH
6,200,L299GV
7,15,J496BF
8,111,J243JE
9,141,Z836CR
10,44,A175QF
11,112,G695JU
12,22,W766ZH
13,17,S939OT
14,49,G112VZ
15,16,T151SM
16,70,X854MR
17,43,A594RX
18,93,K386UZ
19,332,N259HJ
20,122,P467CV
21,48,K678NU
22,33,A397OY
23,24,R289VT
24,27,R324UG
25,102,C500LX
26,53,Y103RN
27,2,G074YW
28,97,E604EY
29,75,X811OJ
30,22,G012VF
31,77,M008RC
32,146,J437LJ
33,187,H516LX
34,35,S218QB
35,202,P766ND
36,30,A712BY
37,91,F384HF
38,149,V803FZ
39,64,J915AL
40,145,I670LY
41,16,V881YM
42,4,U917OW
43,38,Y053UF
44,19,J870JN
45,70,T658NT
46,48,P619VH
47,64,Y857NQ
48,320,A012VW
49,144,F216YS
50,52,S907YM
51,24,D129TY
52,20,Y373XR
53,18,X152AW
54,133,T892XF
55,63,O734KV
56,3,P083SZ
57,73,A146IY
58,54,G893RO
59,37,C213IU
60,87,A366YB
61,160,G488CQ
62,213,D258YM
63,38,I894HL
64,243,T718BY
65,39,G292PL
66,87,P452GB
67,123,R139RQ
68,62,S257CC
69,139,H479VJ
70,20,M477AU
71,3,N876XR
72,27,H575TK
73,22,T243BS
74,70,Q238WU
75,60,E234ZW
76,56,R748SU
77,300,G169IS
78,131,T498IJ
79,62,B176KQ
80,37,V723TH
81,9,V964TT
82,9,R989ID
83,122,I996SR
84,90,S886BT
85,9,U979QE
86,72,K937CN
87,24,E419PZ
88,17,L359SQ
89,102,G722SG
90,176,Q333IM
91,169,S516EV
92,17,J019EZ
93,180,R219XJ
94,59,M033NG
95,113,G266AO
96,106,W439HT
97,57,I142QG
98,112,V228WD
99,39,E791JL
100,11,X099LX
101,30,Q453WE
102,8,B536KX
103,50,R685TR
104,44,S991XB
105,67,F660LR
106,288,O911VC
107,95,H901TW
108,51,U311RA
109,58,Q078NQ
110,17,V656ZQ
111,8,L789TB
112,90,W621HG
113,43,I265ZP
114,20,V795YF
115,97,N765EK
116,34,Z321UI
117,12,G167PD
118,113,A639WC
119,183,A595MP
120,208,J445TP
121,14,J661IT
122,176,V575IQ
123,74,B534KP
124,141,E227OG
125,126,F828TX
126,79,F535QE
127,97,P175HY
128,32,U068MG
129,18,W935RU
130,34,N459UJ
131,4,M169OH
132,27,Z870XK
133,33,R823HZ
134,84,W927OW
135,318,P782MF
136,82,Q078TJ
137,31,P108PE
138,33,Z103LV
139,16,R875ZS
140,20,F348UQ
141,127,Z186EB
142,38,N643MY
143,9,C507TJ
144,105,K030QR
145,59,A022BA
146,12,C017QN
147,95,I063GU
148,188,W404NE
149,201,Z426DR
150,26,P665CQ
151,182,W860XE
152,49,X540FC
153,135,T026FE
154,159,C199XW
155,81,H352AW
156,138,Y324ZC
157,12,F643OV
158,14,O397IB
159,40,I698UF
160,25,E935LD
161,29,T696MW
162,25,G494YQ
163,76,W739SS
164,285,S215FT
165,121,W405JU
166,32,H223JB
167,20,C777BI
168,16,S689TV
169,30,F989XD
170,129,L666FM
171,29,T710WO
172,0,D990CE
173,126,M396DO
174,55,E595PX
175,25,C731KR
176,91,P448FI
177,187,F119OS
178,167,J556RQ
179,29,Z743JD
180,177,H525ZU
181,41,I234HQ
182,124,B305KS
183,157,X827ZC
184,92,C468NH
185,92,L349PT
186,13,P061HZ
187,1,I018NS
188,29,R338MO
189,23,T905AD
190,27,T118WY
191,23,M366UR
192,51,O863OH
193,270,R288LG
194,92,Z417WC
195,68,L720FA
196,16,L118SY
197,3,D389JV
198,16,R564XD
199,143,X704MB
200,34,W648WC
201,3,X602NZ
202,109,S306CT
203,48,D102BA
204,38,I761SB
205,115,V309DJ
206,170,O308FT
207,176,P454VK
208,31,S297JH
209,182,T611WH
210,69,F046KQ
211,149,K165QA
212,116,U518VN
213,81,G377PD
214,110,H737NZ
215,21,C184UK
216,0,Z382AV
217,10,T289HN
218,19,P468MC
219,38,W689WJ
220,26,M067UL
221,47,U273FQ
222,220,V995GC
223,90,O459NR
224,61,E601MD
225,31,Z219JS
226,3,U837UZ
227,9,M138PU
228,137,G081WL
229,41,V289MN
230,9,M921QF
231,93,K760LP
232,21,Y759SA
233,37,J339MG
234,128,N479NA
235,178,O938KG
236,213,F980YO
237,18,C158QV
238,190,G995UR
239,87,N445II
240,148,K675EH
241,135,Q598XI
242,88,N017OH
243,92,W737PJ
244,39,A222UU
245,14,W409TC
246,17,V073RL
247,16,G755JG
248,34,X273RZ
249,42,W124VQ
250,62,M111HD
251,245,L779MH
252,70,H765VR
253,80,L122BK
254,42,L409JC
255,10,T794VY
256,12,O119WN
257,141,L467BU
258,42,D856VX
259,13,C473FK
260,123,K058MP
261,27,V527IV
262,17,K946LD
263,122,H492HS
264,185,O349CT
265,157,L282RV
266,12,V394BQ
267,162,W514VO
268,86,I079PE
269,152,R800AP
270,158,S966PQ
271,94,B863XC
272,87,M667TO
273,35,N182FS
274,18,N972TL
275,27,V867AS
276,13,N045AR
277,8,R947TW
278,27,V521US
279,73,N269TG
280,264,F607QU
281,51,I473YS
282,57,G012AT
283,33,X245BB
284,28,W533AJ
285,21,A295UZ
286,118,P434VD
287,23,N844PX
288,10,T872EH
289,116,S161PK
290,45,J882QC
291,13,R384GG
292,127,R777JB
293,168,J393GW
294,168,Y931FU
295,18,E465QU
296,134,E779ZQ
297,66,E477BV
298,147,E253QL
299,151,V619PT
300,88,U754EE
301,80,I774QX
302,15,T003VF
303,13,Q530KN
304,24,Y953CS
305,22,H388KE
306,9,X457XR
307,13,U928CS
308,63,B248OX
309,263,T602IV
310,76,X053SQ
311,45,L440AK
312,20,C643QG
313,13,K149IA
314,35,S758BC
315,120,I074UM
316,9,W944PO
317,1,T046FE
318,112,T627KI
319,60,I684IM
320,39,D051ZL
321,110,M644TE
322,145,H435JZ
323,147,P867UH
324,31,Y335IN
325,179,H342ZT
326,88,B418GZ
327,149,S843BI
328,145,Y787VF
329,134,G144YG
330,83,Z837TE
331,15,U019CR
332,2,J235QS
333,17,P849YH
334,34,J953BO
335,26,C014HV
336,22,T955GZ
337,54,B864IB
338,258,M459IS
339,92,Q053UW
340,75,A203BY
341,40,L224JK
342,4,Z894XS
343,26,G912AK
344,133,F960VL
345,44,U667IW
346,0,EMPTY
347,104,H049RQ
348,47,A150EC
349,44,F031BC
350,122,H650PR
351,192,D995ZD
352,141,X941DY
353,31,O228PQ
354,126,A295XW
355,84,E848PH
356,148,F215UK
357,128,Q638UU
358,123,B943WH
359,112,Y536EZ
360,27,V561QL
361,0,F492GY
362,5,V309SM
363,34,K766AN
364,27,X654XU
365,33,I043RD
366,55,I358AF
367,215,P613PR
368,89,A881BO
369,83,C645AO
370,52,L084II
371,3,D624NR
372,14,B381FL
373,140,Z354JH
374,47,X863OQ
375,13,E534EA
376,116,P981VA
377,33,D040BF
378,51,T048CO
379,127,G792FW
380,175,X699GC
381,127,Y447CY
382,16,X184TD
383,107,A964TY
384,97,I261UK
385,160,L507IN
386,116,V898KS
387,123,I075PM
388,74,D493DY
389,28,I246UL
390,12,U004YR
391,11,V751JV
392,11,O694CI
393,25,D096MH
394,36,Q610UT
395,77,L470GC
396,211,J961KX
397,63,H760HG
398,80,N544DD
399,46,R255JC
400,11,Q234QT
401,14,F012ES
402,131,O966JK
403,36,L528IN
404,10,Q368AI
405,95,O616ZD
406,36,A153DC
407,39,B787FU
408,110,S520TI
409,212,M991EV
410,149,F888XO
411,12,C578NY
412,89,J929SQ
413,99,X528FF
414,184,F683CV
415,117,P214HM
416,119,B687CY
417,90,X077TN
418,15,R191CW
419,25,K953PO
420,14,O189NZ
421,17,J854GM
422,25,D129TE
423,24,I292UA
424,89,N071JB
425,233,Z954JI
426,92,B364SC
427,69,R291BD
428,47,Z100DM
429,25,M494CF
430,24,I453HE
431,97,Y028NI
432,25,A916IO
433,5,D832ZB
434,125,L944DZ
435,46,D916OR
436,31,C950KX
437,98,K120XR
438,178,F254WT
439,166,K796PU
440,21,T774JO
441,77,V316LW
442,80,D942JW
443,184,L495QB
444,141,R578VS
445,121,E396IT
446,84,Z197QM
447,9,V584MD
448,4,D263DA
449,25,J899JW
450,30,P925NB
451,21,O001XB
452,33,F647ME
453,84,A001XI
454,217,J942YM
455,110,I651KF
456,70,T005BJ
457,49,H792GL
458,13,V591ME
459,40,G340NG
460,139,M273MU
461,23,W694TN
462,1,C064AL
463,95,R301SS
464,69,A800CG
465,56,K682FE
466,129,N394IR
467,167,K942KX
468,131,S208ZP
469,33,O875MP
470,73,S347SP
471,79,Q514TF
472,186,B876EV
473,124,W792OX
474,143,V703LI
475,85,G861VH
476,9,F448WL
477,0,EMPTY
478,14,T491NV
479,46,R360KK
480,30,L003FV
481,19,N417JF
482,80,G228BO
483,175,O142SW
484,124,B263OK
485,96,I602JK
486,44,G467LJ
487,7,G308LK
488,39,U816LB
489,134,Q165OP
490,29,G392TL
491,0,T996NJ
492,78,T602UL
493,75,F350CC
494,73,A771AC
495,127,D804PZ
496,148,L632ZM
497,140,S465LZ
498,30,D036CD
499,98,R981GZ
500,87,U746GI
501,198,R088KF
502,87,K808IK
503,145,I042WP
504,76,P607PH
505,16,Z625HK
506,2,G060GB
507,7,B770BB
508,39,G587BU
509,42,B794JL
510,24,P634LB
511,78,D768FF
512,146,S667IR
513,134,C390ET
514,113,M026BP
515,50,P384MC
516,3,Q922GE
517,35,C518JJ
518,140,Y684AQ
519,42,D305RN
520,9,G311OA
521,95,K979UE
522,51,K710AA
523,75,H022DE
524,156,A152XZ
525,186,N422PY
526,145,T028YR
527,14,C422BH
528,72,Z546VG
529,79,B447LZ
530,188,C790LU
531,133,L964FK
532,121,I313OX
533,59,Y617FI
534,34,X917WE
535,14,H408BA
536,12,A611EG
537,22,H030VR
538,46,D941VE
539,39,A547CX
540,104,K133OE
541,132,G179UV
542,145,S583DB
543,114,Y161AF
544,80,F554JR
545,10,E607CV
546,44,D244WA
547,129,M232RM
548,33,J032BC
549,17,I440CI
550,94,B805YW
551,50,C428CB
552,76,L581CL
553,134,X505KO
554,139,F918TT
555,146,V803WR
556,12,I105CD
557,39,X189TI
558,75,J298QJ
559,201,F866QJ
560,125,I010XO
561,122,I159XH
562,44,M790BX
563,21,P220LC
564,27,R306NW
565,16,T213WX
566,25,B297EB
567,31,C944HR
568,46,E645FS
569,124,C009SH
570,143,Y660MQ
571,126,B499ND
572,112,F538GL
573,56,O605DS
574,28,M853JE
575,58,B945FM
576,127,K745UD
577,27,J197IT
578,12,C009OC
579,81,X082HV
580,66,I323CC
581,58,A232AN
582,129,N183VM
583,152,C946QZ
584,150,Z016YQ
585,19,F533DB
586,65,U371TT
587,83,N370NS
588,212,Y607MC
589,150,J069LM
590,181,X915FL
591,44,N574SG
592,3,K995WD
593,8,C241CQ
594,19,L991VU
595,42,K551AE
596,26,D599KI
597,38,A419FY
598,135,A119WE
599,157,Q449TN
600,146,D268HO
601,104,R022AS
602,57,O805NH
603,23,C906PK
604,74,F918MC
605,103,C589ZB
606,16,Q587FD
607,5,A190FN
608,73,H906YQ
609,87,A800LC
610,81,B387BB
611,118,D477RV
612,125,P928EZ
613,144,X778UI
614,47,E721DE
615,68,X593MS
616,62,B196ZN
617,180,M493VD
618,136,O990GK
619,162,G994VG
620,69,X451IN
621,9,U517OM
622,4,O037CC
623,24,A713IC
624,51,C058GF
625,58,E835ZA
626,29,K797ID
627,154,F607DR
628,160,L829WO
629,160,G580NJ
630,133,N416QA
631,65,J304UM
632,4,D129SK
633,80,L219PA
634,119,Y004GR
635,35,P136AA
636,2,N569FC
637,46,N788QL
638,103,F103IF
639,114,L431AD
640,146,W579EN
641,94,Y369HP
642,130,S935WR
643,32,F141HE
644,60,Z483PQ
645,82,F966PP
646,172,V394QA
647,95,E564UK
648,187,M619JT
649,57,Q427IS
650,22,J828IA
651,4,H296ZV
652,12,K181CA
653,52,O363BA
654,53,R525QB
655,58,E673WD
656,133,A347HS
657,136,G702GR
658,196,T262KD
659,145,G827AS
660,76,W231CT
661,3,V277HP
662,73,K062JM
663,88,N358WB
664,54,A233DK
665,11,D355GI
666,47,Q917NS
667,80,A041QC
668,127,K007FB
669,123,G591QY
670,127,X128LU
671,129,J477EI
672,21,B718CE
673,47,Q185UW
674,87,Z562RC
675,228,N225XJ
676,121,W231UC
677,200,S538TE
678,56,K194ZH
679,31,A421VE
680,16,L014IB
681,24,D021HK
682,37,A045QD
683,54,Z076BI
684,56,I980MJ
685,167,H052CY
686,132,X531BG
687,175,F856DQ
688,168,T844BG
689,81,F729YD
690,21,B676YB
691,68,N611CR
692,82,A418SW
693,59,F902AG
694,16,G672KA
695,63,J595VL
696,74,A604FJ
697,106,A461AN
698,147,V152VM
699,136,H834XV
700,150,D326TH
701,21,B657BE
702,31,Q754QZ
703,66,V676EO
704,218,T420LT
705,136,W461JJ
706,187,K681KX
707,40,J772TN
708,26,E386BP
709,32,F121CP
710,30,D544HB
711,40,K615ED
712,51,J890KM
713,60,H696HM
714,169,N171CR
715,143,L581NC
716,154,U408JD
717,131,G008IV
718,80,F232VS
719,30,A363WM
720,85,I770CR
721,78,M753PM
722,48,K000NA
723,20,B372QD
724,53,X207KY
725,108,A417DK
726,121,F831BH
727,112,W432HZ
728,113,R187RR
729,144,B511IG
730,54,D244AM
731,37,Z945HY
732,51,H537NY
733,231,I801PY
734,126,I909BZ
735,183,T225IE
736,29,Q084HX
737,16,K281BQ
738,29,B563IJ
739,62,D673EC
740,42,M711AJ
741,46,X626BL
742,48,M280VF
743,205,F658AS
744,140,O382KE
745,206,B418SN
746,135,B345TM
747,48,W546EL
748,27,L111NU
749,134,D671NC
750,74,R003ZK
751,42,B101RE
752,11,A354KL
753,43,X089RK
754,121,K038BE
755,170,C315AP
756,93,X336RM
757,97,U494OR
758,168,L976DG
759,58,A236FK
760,39,C238QK
761,80,J689VH
762,215,Y028HQ
763,121,I560TP
764,243,X935UA
765,48,Q232QU
766,21,O913KC
767,12,A692FG
768,51,F141DM
769,63,M130IH
770,44,P307RI
771,42,L822CY
772,170,C398VA
773,149,G158JN
774,205,B568XD
775,155,H429JO
776,51,Q269JL
777,9,P969FE
778,133,T200IO
779,96,S372WE
780,77,D534BJ
781,8,A513DW
782,18,G558RW
783,119,N420FD
784,180,G805AI
785,122,U434ZJ
786,110,W386UK
787,139,V486EA
788,65,N022IC
789,56,V179WQ
790,54,S891KP
791,196,R833QL
792,119,W169AQ
793,220,I010IZ
794,65,P307XM
795,35,J723GN
796,5,D193LC
797,58,E091DK
798,69,E314TB
799,58,B656OT
800,44,L858MG
801,151,Y027DI
802,113,C366VF
803,190,N469NC
804,175,Q222HR
805,77,O367XB
806,10,T646GI
807,124,F190DF
808,74,B196XR
809,83,A743GG
810,35,I354JG
811,41,Y930JY
812,99,S400FB
813,202,B211IP
814,131,D941YZ
815,98,Y992JR
816,136,B824GE
817,48,E614DK
818,36,O683VZ
819,61,Z077CV
820,203,X724QH
821,93,M380NT
822,236,W722FF
823,52,W085VF
824,35,A847BV
825,40,H340AV
826,58,Q318AA
827,45,G526OA
828,32,P528GQ
829,50,X471DN
830,191,B833UK
831,100,L556FM
832,209,X715CK
833,173,H504TM
834,65,V543CU
835,26,Z194EH
836,143,M897IB
837,69,X255ET
838,93,C306EM
839,37,O224DL
840,45,V132TY
841,124,K236CG
842,179,E602EN
843,123,Y277YD
844,88,T265VS
845,174,P100FF
846,49,K453CF
847,19,P745RG
848,49,Z617VD
849,249,U604FZ
850,101,J652SQ
851,205,W076CH
852,28,K775JY
853,52,J554HM
854,37,C930FM
855,68,C477DG
856,66,P102FL
857,32,P756KK
858,35,K556UG
859,192,F178GT
860,117,S327HI
861,197,M784JJ
862,165,U310BX
863,77,F918UN
864,34,E372LY
865,175,H590LO
866,67,K767UJ
867,75,F271CL
868,32,G412QI
869,47,Z084VN
870,123,L715CE
871,181,E052HM
872,94,S723OY
873,57,Y861SP
874,200,M173AE
875,62,E927FD
876,33,B340NY
877,46,A897SW
878,175,R373OR
879,114,S635RI
880,215,M571PF
881,25,L662NZ
882,33,J522JQ
883,48,A233GS
884,91,D168DJ
885,92,D389BL
886,44,O890JO
887,33,R278AT
888,184,K010WO
889,126,B594SJ
890,186,Q004OQ
891,157,P249OF
892,53,G573WO
893,22,H197NP
894,205,E008AO
895,103,U236MR
896,78,A800PG
897,42,F033IT
898,33,T860VS
899,155,E162KI
900,192,K041QA
901,106,N278PY
902,50,N388YR
903,166,C170DP
904,76,A831GN
905,39,F355OO
906,34,T616KB
907,182,E196TX
908,97,V627UC
909,226,F497LK
910,43,T756XE
911,25,I488JH
912,34,R302AQ
913,83,C083FN
914,93,K321OG
915,35,W230OO
916,40,D476PT
917,185,H525NQ
918,117,O229KK
919,204,J300YP
920,179,G025PW
921,37,P304QU
922,16,D934KY
923,251,H735BE
924,77,Q329ZG
925,109,F132NG
926,38,P920GH
927,40,K336ND
928,144,L214GI
929,236,P204JC
930,102,S784OT
931,43,Y926LW
932,165,O813BC
933,71,M270ID
934,61,O771JJ
935,46,N623ZR
936,194,U228UL
937,98,J965LT
938,252,S243IH
939,33,R888FF
940,63,V325NB
941,37,K307LI
942,66,B827JF
943,103,G621WA
944,52,T411ZG
945,32,M438TJ
946,172,H038NS
947,121,G839HP
948,171,M406ZF
949,193,L569NH
950,57,S828LM
951,9,W907OC
952,228,L241FF
953,78,R586WE
954,116,E136PC
955,44,V410CM
956,37,K142VB
957,114,C199EI
958,215,A389AN
959,107,Z661OT
960,47,T969RP
961,148,E531JI
962,56,C301KR
963,34,L616WC
964,62,N306NK
965,170,Q649OP
966,110,E937NY
967,238,A834XK
968,31,U417PT
969,75,I819CS
970,56,C924JJ
971,77,P524BG
972,124,U527AE
973,37,Z336RD
974,47,Y293RB
975,164,P984FJ
976,100,B230VW
977,154,R068UC
978,164,A429ST
979,79,J690PV
980,13,K030TX
981,203,B555BM
982,69,L176GH
983,129,Q037DD
984,79,K769DG
985,32,A720PQ
986,121,I712FL
987,211,N841CG
988,69,A322WX
989,60,Y735WP
990,163,B715JI
991,62,I252JI
992,28,T130TH
993,34,O171QH
994,216,L259WQ
995,100,I086SV
996,193,X317BO
997,27,P256RW
998,61,G959OE
999,73,D257AA
1000,93,G705QA
1001,108,K378BK
1002,21,S531IX
1003,39,B721XX
1004,185,D076VO
1005,106,B873OR
1006,206,A193QZ
1007,142,K375UI
1008,41,S652PP
1009,30,Q862KO
1010,248,F317LD
1011,53,V505GC
1012,124,D367DL
1013,86,O047QB
1014,48,R022OG
1015,160,N326GF
1016,261,U170CF
1017,61,Y807UO
1018,46,Z455NZ
1019,170,H073EL
1020,106,E912IL
1021,26,S003UJ
1022,57,X416XM
1023,209,J986KY
1024,107,Q307LZ
1025,266,K741IU
1026,15,P213OT
1027,52,I364WF
1028,95,K473DP
1029,134,L590HD
1030,111,R035BO
1031,27,O425UO
1032,20,L034XR
1033,146,L585AX
1034,114,X882GE
1035,178,P279OI
1036,215,L958PG
1037,39,Q297WG
1038,23,B730KL
1039,252,O451CF
1040,76,P376KE
1041,127,S321JB
1042,63,H740DW
1043,64,K798AI
1044,159,B034VH
1045,268,N272BL
1046,69,Q805YB
1047,38,Q103SA
1048,156,H937HA
1049,109,P109CJ
1050,34,L936QG
1051,46,Y220VV
1052,169,R054SX
1053,82,Z151OR
1054,251,K105HX
1055,33,B315ZU
1056,63,M782OG
1057,90,K630TA
1058,128,B011XK
1059,162,A941QL
1060,42,P012TX
1061,24,W283IQ
1062,130,C878DZ
1063,98,Z039OB
1064,195,Q045RO
1065,179,I410UW
1066,25,P362PW
1067,13,F279AK
1068,256,A136RA
1069,93,F254RN
1070,153,J261PC
1071,70,X376BE
1072,42,G049GS
1073,154,E216CW
1074,304,G909AN
1075,49,T546GP
1076,38,W392TY
1077,141,H300OK
1078,105,C091RI
1079,37,E789AY
1080,52,K102QU
1081,146,Y570LV
1082,94,E260LP
1083,235,L591CY
1084,40,Y248ZH
1085,60,I614GZ
1086,73,M029GK
1087,123,K168BL
1088,159,J951NF
1089,29,W278SE
1090,43,O138YK
1091,165,P288GP
1092,82,C270SY
1093,166,G939WI
1094,229,E477YK
1095,33,E079YU
1096,19,B196HL
1097,261,B063BW
1098,96,C657TD
1099,166,C054QJ
1100,108,P925MC
1101,40,W142JG
1102,178,D569MD
1103,323,J523OF
1104,80,V557FN
1105,50,I404CW
1106,183,G411CV
1107,120,P028DK
1108,33,M057WH
1109,51,U112MO
1110,235,R928JY
1111,89,B521YG
1112,237,J735WC
1113,33,V008VH
1114,84,H900TM
1115,107,K396AM
1116,147,D262IR
1117,152,W006EL
1118,15,F707TY
1119,38,X654IP
1120,152,W685NB
1121,116,U767LD
1122,142,P469OK
1123,206,L966IR
1124,45,I762SY
1125,32,P047HC
1126,256,O350GB
1127,78,J238KL
1128,199,K599AE
1129,121,G209MD
1130,70,D616ZE
1131,168,S286DC
1132,321,F455OF
1133,64,Z713TC
1134,51,C808LM
1135,177,L680CJ
1136,115,V526AF
1137,24,R156CX
1138,44,G154MX
1139,192,D437EF
1140,83,E116PN
1141,256,W421BY
1142,15,C468NZ
1143,65,R196AP
1144,122,O196GF
1145,144,H007TG
1146,158,P121KP
1147,11,O567SN
1148,26,U335GZ
1149,168,K588NM
1150,100,V038JO
1151,133,P418MT
1152,185,W248GQ
1153,31,W777WB
1154,38,J955BH
1155,312,X262CA
1156,76,R175EK
1157,194,C891CQ
1158,138,J267CH
1159,73,B308WM
1160,182,H083MK
1161,315,Y308DC
1162,36,U235SK
1163,48,C692WB
1164,207,H816CN
1165,123,S410OD
1166,17,N081PS
1167,23,U099IG
1168,188,C192MB
1169,98,C285GS
1170,238,K459LQ
1171,14,M187ZG
1172,54,M509UD
1173,142,G121MU
1174,146,D748IK
1175,173,M049GO
1176,14,E617XX
1177,13,H741AJ
1178,141,A685XP
1179,122,W511RK
1180,185,Q466VH
1181,173,J160ZS
1182,16,O267VR
1183,34,D978BK
1184,315,C214YD
1185,95,D837GS
1186,175,K360PF
1187,120,R260OJ
1188,73,C865SI
1189,195,R263CL
1190,329,J487AM
1191,44,U678HL
1192,44,D926UD
1193,206,M364NA
1194,142,V165BH
1195,34,X441YA
1196,28,I830ZJ
1197,149,D964EC
1198,101,E482MM
1199,271,L232RV
1200,26,S566FU
1201,61,L251TQ
1202,124,I437UB
1203,149,A485SG
1204,175,F692KO
1205,14,T836QN
1206,10,X571EY
1207,107,T074HV
1208,110,E148SW
1209,113,X598II
1210,219,X621PN
1211,11,Q539QT
1212,37,A810YF
1213,329,E471QF
1214,100,L465QE
1215,207,C282MO
1216,136,F018DS
1217,80,S531PG
1218,220,H812GS
1219,382,D686PE
1220,55,I883JY
1221,37,N263PF
1222,180,F303KS
1223,153,V732GD
1224,38,B942XS
1225,36,T623IQ
1226,132,J324FG
1227,101,N981EI
1228,227,W921XA
1229,41,C177LS
1230,56,W754MF
1231,126,G077CD
1232,166,G085UD
1233,184,H990WA
1234,24,V555ZF
1235,19,A222GS
1236,107,L878IR
1237,90,F667YK
1238,131,R029XL
1239,174,Z740QJ
1240,28,Y240UT
1241,35,H555BQ
1242,313,F420GV
1243,83,H008XJ
1244,222,C495RE
1245,173,W034JM
1246,74,J646CW
1247,196,X359AD
1248,382,B817SI
1249,41,W347MN
1250,68,B877CU
1251,169,I341EU
1252,136,Q592FG
1253,20,D825DQ
1254,41,A435FI
1255,146,K044CK
1256,73,J328MK
1257,219,Z677KD
1258,39,F478CV
1259,70,D426BF
1260,152,D084EH
1261,150,P583BL
1262,186,F226PS
1263,15,J982QX
1264,33,I463IC
1265,149,M175LY
1266,79,J019QY
1267,85,N751WP
1268,186,C369YS
1269,42,U883KV
1270,43,J132TG
1271,320,C078FR
1272,82,Q842RB
1273,239,K006HT
1274,211,H808IG
1275,71,P702FV
1276,201,X770FC
1277,361,W161MC
1278,27,X587SB
1279,74,N723SD
1280,216,L272IL
1281,131,M914AS
1282,30,G203DY
1283,43,T357UC
1284,168,A190AV
1285,108,A979SC
1286,232,U444PH
1287,14,Q285DO
1288,67,I133DE
1289,170,F671CG
1290,156,J758EL
1291,164,T606EO
1292,1,O728CA
1293,37,B411PK
1294,112,H768IZ
1295,119,D045ZX
1296,81,O258OV
1297,162,A685VX
1298,30,Z872FY
1299,66,T603NA
1300,320,O034OF
1301,84,P756CO
1302,228,R112RF
1303,226,M947CE
1304,101,T638PA
1305,220,G426ZC
1306,397,L189ND
1307,17,S349XG
1308,83,E954QE
1309,208,M149JH
1310,163,K280BY
1311,25,Z380IQ
1312,33,Y062RI
1313,148,Q481CB
1314,112,B783CZ
1315,238,U716QK
1316,23,W775GC
1317,59,L804AA
1318,156,C502IL
1319,192,E023TR
1320,177,F757GU
1321,10,L628XT
1322,12,G052AU
1323,113,T782ZB
1324,78,Z629MH
1325,76,V385JT
1326,157,U205OX
1327,16,O064ZX
1328,68,G053FX
1329,324,M691CL
1330,82,Q705MK
1331,209,G662TF
1332,203,Q821HF
1333,73,S043SJ
1334,238,B708ZF
1335,414,N170RI
1336,17,Z388NH
1337,67,L902WE
1338,194,X438DC
1339,173,C198UG
1340,40,X835AB
1341,22,A638EH
1342,126,N442GE
1343,105,J237LP
1344,239,S798EK
1345,31,P992BO
1346,47,N025BD
1347,156,C121GR
1348,173,C086VJ
1349,190,S265OG
1350,17,N379QW
1351,18,A770JL
1352,71,B175ZY
1353,79,V508UI
1354,121,L356UV
1355,176,W718KR
1356,8,D902KP
1357,51,W853FA
1358,346,R090LA
1359,110,P265OJ
1360,238,N739GH
1361,251,F172OL
1362,76,K664FB
1363,224,E776DU
1364,443,R231SG
1365,17,Z951YB
1366,60,W044CR
1367,163,B481TL
1368,166,K537AW
1369,51,D069CM
1370,30,I930YP
1371,129,K992BD
1372,117,J823OM
1373,222,V907HS
1374,32,E600UV
1375,88,D106KF
1376,168,E154DN
1377,161,I393PJ
1378,175,A756WM
1379,22,X673JX
1380,40,N944DC
1381,76,X593RH
1382,55,J862RV
1383,104,J884TT
1384,194,U773IV
1385,23,A658NI
1386,50,C820VL
1387,357,J616KL
1388,75,Z456LB
1389,255,H350JW
1390,229,E462GT
1391,87,J488JQ
1392,219,F175MS
1393,451,A574PR
1394,35,E804ZZ
1395,81,K878IE
1396,184,Q992GD
1397,162,Q290HO
1398,43,I314TH
1399,53,U748FQ
1400,150,C603FT
1401,91,F788TC
1402,194,R244HY
1403,28,P436OK
1404,91,E145FH
1405,156,M101HK
1406,186,R373LH
1407,170,H782MR
1408,12,S950CW
1409,52,I541IK
1410,74,S262TS
1411,51,Q986NM
1412,51,K073MB
1413,202,V391BD
1414,35,H709NF
1415,78,J547HN
1416,314,X016NB
1417,69,T902CV
1418,231,H087HS
1419,305,E083ON
1420,79,G495WJ
1421,221,Q825LH
1422,445,C805XL
1423,15,U274QS
1424,85,J255AZ
1425,185,Z444FE
1426,147,Z315DM
1427,30,G207LR
1428,53,I402ED
1429,155,E278IH
1430,103,Z600IL
1431,187,Q654CP
1432,18,V861EN
1433,81,R403AD
1434,197,F606CN
1435,179,Q510CZ
1436,189,N839QF
1437,3,L858QJ
1438,54,P243DK
1439,109,N790YN
1440,57,Q946FZ
1441,92,V885MP
1442,161,M136RA
1443,32,J984KC
1444,97,E461PQ
1445,367,H234UJ
1446,84,X853EL
1447,229,L608HQ
1448,325,G431ZE
1449,124,F791OU
1450,233,H236MU
1451,450,L163GX
1452,1,N467VR
1453,71,O729LJ
1454,224,H094XE
1455,168,Q985CK
1456,31,V415BD
1457,39,F805FJ
1458,155,E345BU
1459,110,Q721NM
1460,213,L378RO
1461,21,T832VB
1462,79,H222BO
1463,167,A510HU
1464,195,T920OG
1465,176,Q630JV
1466,0,EMPTY
1467,56,R807CE
1468,77,Y838NL
1469,73,S536RR
1470,100,N266GC
1471,182,A866OG
1472,14,E958JI
1473,100,S752DM
1474,364,D443OS
1475,94,I966BZ
1476,244,Z508DI
1477,297,M009ML
1478,107,W787NA
1479,246,O088GP
1480,443,L759DQ
1481,13,U249KY
1482,68,I652OS
1483,212,E327IY
1484,176,N959PA
1485,49,Z283FC
1486,34,L052HI
1487,154,W152AI
1488,84,Z018OE
1489,189,W936HO
1490,28,E567LW
1491,77,B494EH
1492,142,H363KF
1493,174,R762EP
1494,201,L979BT
1495,10,X619BZ
1496,47,Q990CD
1497,51,M593XQ
1498,53,N839WM
1499,103,F295AP
1500,169,Q297FC
1501,12,K660FW
1502,85,R763IH
1503,370,B988KL
1504,105,L998GN
1505,242,S193JK
1506,286,O114EV
1507,102,F793UO
1508,229,H657FW
1509,439,X912GL
1510,17,N279QX
1511,71,K038JY
1512,173,L378QE
1513,148,R922BV
1514,63,B069HX
1515,45,N032CE
1516,145,K722HL
1517,76,G555PR
1518,171,K493NX
1519,38,L795DV
1520,93,B042FS
1521,194,L454JC
1522,154,J629GU
1523,168,K962GY
1524,16,W666SC
1525,63,C024OS
1526,90,S085ZN
1527,28,O779QP
1528,99,E434AW
1529,190,F359AU
1530,21,H445NM
1531,71,Z895BB
1532,366,M816VA
1533,98,H561SU
1534,259,T307KM
1535,338,N471VA
1536,124,N105QD
1537,215,L329KS
1538,436,Z321GQ
1539,26,F561DB
1540,60,M653KO
1541,210,K943VD
1542,142,C823VR
1543,79,L041JN
1544,88,G305HE
1545,155,M900BS
1546,101,M618MP
1547,122,F940RR
1548,26,Q367DW
1549,103,M590EB
1550,200,R202MD
1551,152,P358LL
1552,136,S858AT
1553,18,O920LG
1554,91,N128PC
1555,88,M099WS
1556,46,S398PQ
1557,97,K985GA
1558,156,A331ZL
1559,27,M824MI
1560,76,T985GD
1561,359,Q824BN
1562,68,H217UV
1563,224,Q801GV
1564,341,O359AQ
1565,140,J709MC
1566,246,S774OE
1567,472,S318VD
1568,10,W379SN
1569,81,X679CJ
1570,212,W444HK
1571,166,Z714HK
1572,72,F459QA
1573,81,F430DL
1574,149,K565LE
1575,89,B208YU
1576,131,X188NA
1577,8,G809RS
1578,99,A187II
1579,232,D315YB
1580,186,H924JX
1581,127,L865TK
1582,3,G281BZ
1583,95,C691SG
1584,105,S378NW
1585,48,V580PV
1586,79,E600ZE
1587,132,E258CX
1588,30,H694KL
1589,93,K646SH
1590,347,G444WF
1591,72,Y025EY
1592,214,Q503HW
1593,364,X302UA
1594,102,D004WL
1595,231,S381CX
1596,481,M435OR
1597,3,F510AM
1598,57,I655MQ
1599,208,V187GJ
1600,154,Y037DS
1601,54,Q023JK
1602,88,D689BA
1603,155,S544HE
1604,110,D538MZ
1605,158,C390UU
1606,21,S860MP
1607,87,B700LO
1608,228,R026FI
1609,174,W900PJ
1610,175,G756PV
1611,1,Q171RV
1612,99,C997JH
1613,98,X461BD
1614,56,P716YS
1615,89,Q602GK
1616,133,V211JL
1617,13,B589VE
1618,74,Q326QJ
1619,350,K893VA
1620,106,P677JQ
1621,238,N821UK
1622,324,C542YM
1623,102,H757AP
1624,240,N948FR
1625,463,K598KO
1626,5,B221RB
1627,42,V075AU
1628,217,S956CN
1629,185,K816VK
1630,64,U593AE
1631,102,H400IJ
1632,145,D419HT
1633,105,C199ZL
1634,143,P296IP
1635,29,R540NV
1636,92,J490EI
1637,189,T323HF
1638,189,W057OI
1639,120,N838QN
1640,11,R090NZ
1641,84,C506UL
1642,68,N414GL
1643,24,X922LZ
1644,113,B523IW
1645,148,P582ME
1646,15,Q363FQ
1647,61,W028SD
1648,311,Z580JA
1649,87,N023SZ
1650,252,Y496DJ
1651,337,J760YE
1652,109,Q038NC
1653,239,Q704ZF
1654,514,O968KK
1655,15,N202FD
1656,64,Z742ND
1657,226,W421EV
1658,166,L719LS
1659,87,C279GQ
1660,99,J105AO
1661,133,K018CX
1662,75,K040ZT
1663,133,I146PW
1664,49,M633WB
1665,123,B077BT
1666,200,J796HC
1667,181,M581OR
1668,129,H983YL
1669,22,Q375HI
1670,119,S275FI
1671,65,J322SG
1672,17,R525WW
1673,120,H401LT
1674,166,O367JI
1675,24,S227KL
1676,71,Y182IL
1677,310,Z057KG
1678,103,Q666RL
1679,240,T884QB
1680,366,W020ON
1681,103,F914YA
1682,241,B735UW
1683,465,S757MJ
1684,20,C722IF
1685,67,X088DS
1686,187,S899GF
1687,140,U050XK
1688,74,C366IS
1689,120,Z222FE
1690,155,T028EM
1691,64,U462FW
1692,105,M410QY
1693,23,J298TB
1694,135,G718OA
1695,218,S341PA
1696,154,X631BY
1697,103,E794SV
1698,15,K956QB
1699,129,K201MV
1700,93,B419HT
1701,15,U975IZ
1702,113,A436VJ
1703,155,M992PB
1704,33,X028KI
1705,61,S248ET
1706,318,U872CK
1707,70,W297CV
1708,236,C575SU
1709,367,U211EY
1710,95,D391RL
1711,198,S421PT
1712,431,N784LP
1713,27,B154FL
1714,60,V568LF
1715,229,N420ST
1716,129,Y323JS
1717,60,L939FH
1718,114,G122QE
1719,165,M168MH
1720,106,U986OD
1721,108,O873YC
1722,13,E832MU
1723,156,H197HG
1724,230,M271CS
1725,158,U475KN
1726,81,S030WV
1727,5,F265LT
1728,146,T745KC
1729,120,N388DH
1730,22,W248PY
1731,96,C142LY
1732,122,B777YD
1733,24,K422SQ
1734,79,T445OK
1735,321,S813LO
1736,66,I088SW
1737,194,Q639SG
1738,349,G054YO
1739,133,L631HR
1740,286,T312OV
1741,458,Z105VI
1742,13,A397GD
1743,58,C639KI
1744,263,R774QG
1745,173,Y247QH
1746,82,K087TB
1747,133,H264RG
1748,158,P328LI
1749,73,V264YE
1750,115,C559QW
1751,18,S807AR
1752,153,E330XF
1753,211,E679RA
1754,203,L293MX
1755,93,X768NI
1756,4,S405GC
1757,131,H873PI
1758,108,H283BW
1759,33,O489TW
1760,145,B519UJ
1761,130,R065JN
1762,11,R626SE
1763,63,I406UT
1764,340,X740BV
1765,74,X240MJ
1766,177,J815NX
1767,400,I141PZ
1768,116,Y412AP
1769,246,P263QT
1770,482,I273WT
1771,12,E238IE
1772,34,R359EB
1773,233,M905ZH
1774,143,U013MZ
1775,71,D905RM
1776,121,G315SA
1777,166,E460MW
1778,75,V564FV
1779,141,E858XM
1780,28,Q760RF
1781,143,U573BD
1782,188,S334FL
1783,138,A467UY
1784,122,W659KO
1785,12,O727FP
1786,118,Q848EJ
1787,89,Q406QC
1788,27,Q193XZ
1789,159,G832KR
1790,136,M258LN
1791,14,R783BS
1792,49,H144SY
1793,288,X146AX
1794,88,R814UQ
1795,232,A443YZ
1796,386,M556ON
1797,105,D589JN
1798,251,U183GY
1799,424,V726LP
1800,34,B977FB
1801,42,R696HO
1802,221,V012LY
1803,128,R577CY
1804,101,Y403FL
1805,128,W102PE
1806,147,A389FY
1807,49,N418VQ
1808,89,B137YZ
1809,40,N492YA
1810,179,D856RB
1811,205,Z168EB
1812,155,P945FY
1813,78,P778RN
1814,23,U014MO
1815,150,Z558FC
1816,110,L704VC
1817,7,W504WZ
1818,156,K085JP
1819,136,D382OW
1820,21,N523NT
1821,47,T679CQ
1822,288,K309ZL
1823,88,B318GN
1824,200,Q568IS
1825,347,E544UT
1826,121,G846HR
1827,210,T996HN
1828,435,Y941QJ
1829,46,G301DS
1830,65,P476HV
1831,295,T166TJ
1832,113,K680UT
1833,91,C557RM
1834,181,U121LA
1835,155,H580SM
1836,41,K392XR
1837,75,L933WO
1838,22,P406JT
1839,184,D819TB
1840,200,R881BL
1841,131,Q348SO
1842,48,G693YU
1843,11,H712WN
1844,157,K279AS
1845,113,F285GU
1846,4,X424LA
1847,163,P603BX
1848,114,U911DT
1849,37,F536BB
1850,63,V437AZ
1851,307,K455NW
1852,54,J319KV
1853,209,R983UF
1854,399,N569DV
1855,113,F492ZE
1856,233,V293FY
1857,370,P167RS
1858,46,R142IA
1859,76,Q606IG
1860,232,E892US
1861,99,W125VN
1862,68,S581DO
1863,170,A343TH
1864,159,S510RK
1865,51,R075TR
1866,59,V118QQ
1867,19,N780ZB
1868,220,J368ND
1869,264,G505GZ
1870,116,W110VT
1871,65,P604YU
1872,3,Z068DL
1873,143,O379BS
1874,144,I623PN
1875,16,U906BJ
1876,140,G143NW
1877,145,S120WL
1878,21,A108DK
1879,56,Z594IK
1880,310,Z919AQ
1881,64,P202YL
1882,156,Y929TA
1883,358,N748XD
1884,119,O014HY
1885,197,G734YV
1886,343,N863MX
1887,27,O006JE
1888,68,N663MD
1889,270,T622IZ
1890,104,U097IV
1891,61,K789CO
1892,172,S106CK
1893,134,U228RD
1894,67,X588TD
1895,90,X651OP
1896,13,D810UX
1897,222,X309CG
1898,236,R655BO
1899,133,W235TO
1900,66,Z078SM
1901,3,T809PD
1902,137,X709BI
1903,144,A494LU
1904,30,R937DH
1905,179,Q852CR
1906,114,O273UJ
1907,14,D942EB
1908,37,W961UE
1909,285,V282OO
1910,71,M305FK
1911,169,D498PZ
1912,342,N961WI
1913,114,U824KH
1914,240,Z156NQ
1915,371,X658CW
1916,34,I141DR
1917,31,J175BV
1918,279,X528VE
1919,135,W701LZ
1920,82,Z184JE
1921,206,M920JG
1922,132,I209KY
1923,53,N980OX
1924,90,D261XL
1925,21,Q793GP
1926,192,E697AS
1927,193,M718OH
1928,129,T097NS
1929,59,T653SU
1930,13,H506SF
1931,159,P325FY
1932,123,Q612EU
1933,33,T718MA
1934,182,O108HV
1935,147,G693NT
1936,12,K076AB
1937,19,Y545GT
1938,274,K699QM
1939,85,D932TU
1940,181,W590UJ
1941,368,J297KX
1942,88,X512FQ
1943,229,V038MX
1944,399,J572TZ
1945,66,E020TK
1946,62,X037EI
1947,250,S594TJ
1948,124,H065ZY
1949,76,M177QJ
1950,191,F302SL
1951,156,A797NS
1952,32,A847EF
1953,105,W253PT
1954,36,V618VA
1955,230,B831LV
1956,223,Y446KC
1957,122,X916DZ
1958,39,T856WM
1959,32,U070IH
1960,140,P810BZ
1961,113,Y458DG
1962,13,I265SJ
1963,207,A817RT
1964,144,L591LU
1965,41,A205IK
1966,26,V341ZK
1967,239,Q175UO
1968,76,K405IK
1969,194,Q438LY
1970,348,Y714UF
1971,87,C929QP
1972,180,Z753IU
1973,334,Q892TO
1974,83,U834AB
1975,62,B600PY
1976,242,P245PY
1977,78,J171ZZ
1978,65,N698PC
1979,198,D245VF
1980,138,T388CP
1981,40,V062ZP
1982,87,L648PX
1983,22,W426AM
1984,239,D475DY
1985,223,F867AZ
1986,90,S678IV
1987,20,J770ZZ
1988,13,N921MU
1989,174,P827XB
1990,140,H978EQ
1991,17,U601GQ
1992,176,T391JM
1993,139,W031KW
1994,42,E117AN
1995,28,P604VU
1996,211,V616JV
1997,68,D526KM
1998,182,V026SU
1999,346,K796FZ
2000,117,V701RI
2001,191,P759JY
2002,316,R793ZI
2003,77,H136CS
2004,89,C402PY
2005,270,R336XO
2006,98,W826XI
2007,73,G222ZR
2008,193,I763RA
2009,166,W071EW
2010,47,Z903NU
2011,65,H803QP
2012,18,W182EW
2013,252,T965HB
2014,213,S092VC
2015,116,V760ZK
2016,11,W738WM
2017,0,T932LN
2018,144,Q207UM
2019,137,W768GD
2020,19,L305YH
2021,189,T048CV
2022,114,F435ZR
2023,44,F351DK
2024,37,F859ZO
2025,263,I876ZG
2026,71,T820EG
2027,168,M682QY
2028,300,Z799IF
2029,99,S762UC
2030,221,X266KX
2031,296,U257IV
2032,89,N562EI
2033,91,G837JP
2034,292,M889XH
2035,111,N707YT
2036,47,P910OQ
2037,198,N320DV
2038,138,S466DU
2039,55,G870GE
2040,105,I592UB
2041,12,X140IY
2042,249,R052JP
2043,195,B580ZO
2044,119,R877TM
2045,24,Y359JZ
2046,7,U829CS
2047,125,X372SF
2048,139,G927NQ
2049,36,D762CF
2050,210,N884NJ
2051,136,S648LN
2052,34,C007NG
2053,16,U597YC
2054,220,G593RV
2055,63,R744DF
2056,169,L995UP
2057,270,F629RZ
2058,106,W935KH
2059,206,R086YQ
2060,281,G565ZY
2061,74,Q052ND
2062,55,I514VK
2063,275,S262QY
2064,111,Q523XW
2065,71,Z912KJ
2066,190,F538UC
2067,124,J570YN
2068,47,G763FF
2069,106,U448UO
2070,27,P766LQ
2071,226,Y121IN
2072,196,P982AU
2073,97,T180WV
2074,31,X282XS
2075,15,P475KF
2076,150,M404PT
2077,137,Y520JO
2078,36,F374GB
2079,233,H795EY
2080,122,R765CY
2081,29,J720JC
2082,8,U088YJ
2083,226,N547RQ
2084,82,J040WG
2085,158,W835UM
2086,270,Y949SB
2087,94,I764MU
2088,191,X557YI
2089,281,S929OU
2090,87,H228ER
2091,63,P879GF
2092,322,Z139QP
2093,112,Z514NY
2094,94,U932XA
2095,220,J772GN
2096,119,O778TE
2097,21,G917EG
2098,100,A409IV
2099,32,P815OT
2100,257,I866CU
2101,170,S291OL
2102,76,Y784EZ
2103,19,V097TV
2104,30,C945QL
2105,154,N030YU
2106,117,F555RS
2107,34,C231NG
2108,215,X416UD
2109,135,T847SG
2110,48,H091DK
2111,14,M387VS
2112,178,R429TM
2113,87,A793WB
2114,176,T879ZD
2115,287,O191ZQ
2116,78,U269SD
2117,223,X248RT
2118,237,S085YS
2119,104,V620CK
2120,70,D992DZ
2121,309,W710UU
2122,99,Q986YK
2123,77,E117VY
2124,220,T431PD
2125,156,Y739RA
2126,31,E430UD
2127,85,G804YG
2128,12,K914WF
2129,268,M148XD
2130,208,Z272PF
2131,57,T888YG
2132,3,Y613VX
2133,19,B503AD
2134,152,X600FW
2135,143,W529LH
2136,28,G007MD
2137,207,R591JR
2138,127,Z920VG
2139,57,I265DH
2140,26,W698MN
2141,184,S559DY
2142,56,P222LL
2143,164,S688PR
2144,241,I943VW
2145,78,F978OQ
2146,175,V753XP
2147,198,V054WW
2148,119,B434LT
2149,66,L996DO
2150,309,W544XN
2151,85,Z588NP
2152,53,R189GS
2153,229,F908EU
2154,109,A967ZO
2155,52,S082CF
2156,75,H794MP
2157,14,G236WZ
2158,250,O673QG
2159,196,T417VF
2160,60,Y685VK
2161,2,V388OZ
2162,5,O489IG
2163,145,W094UC
2164,139,S778KH
2165,32,G801JF
2166,206,Z638OD
2167,111,S786QJ
2168,59,H632OA
2169,28,S986PP
2170,174,J948WS
2171,63,A356OQ
2172,125,P998TN
2173,205,J983VC
2174,110,K633ZN
2175,188,X148ZO
2176,159,Y346QW
2177,94,P039ME
2178,83,B481XQ
2179,301,U961MY
2180,99,S876PV
2181,76,F292SY
2182,215,Y862ED
2183,120,P992SJ
2184,61,O132KG
2185,77,Q569CH
2186,13,O531GY
2187,248,V604HP
2188,184,O476YD
2189,63,K779XT
2190,14,A694GK
2191,9,E633QS
2192,120,T811JU
2193,134,S715GV
2194,49,A131FU
2195,208,T774PI
2196,103,K891OX
2197,40,L245HE
2198,10,T379RR
2199,194,W422VU
2200,91,Q482OB
2201,118,Y517QV
2202,194,H697QY
2203,66,Z932PH
2204,198,W898XG
2205,179,Y945LX
2206,87,K255PH
2207,78,N085DZ
2208,277,O345ZW
2209,112,W794QS
2210,65,L419SC
2211,219,P611PK
2212,93,I557QW
2213,56,I602TC
2214,98,R433BS
2215,23,R231WV
2216,264,Z014JP
2217,165,P765UG
2218,54,O979MZ
2219,22,U736XW
2220,19,D015MJ
2221,154,B575CF
2222,114,K796GV
2223,41,A764DL
2224,207,Q694ZB
2225,131,X973FT
2226,48,G206CS
2227,2,T759VB
2228,161,N575ZM
2229,92,E161KY
2230,157,O579XR
2231,204,Q425VW
2232,55,N955IW
2233,199,X567VP
2234,175,W134ZW
2235,134,P634IJ
2236,52,L289LO
2237,282,K992TZ
2238,116,W383QZ
2239,71,R894JP
2240,209,O689IE
2241,78,W752PN
2242,64,I640SC
2243,84,D112PZ
2244,23,W888AV
2245,249,P036XI
2246,173,L907UN
2247,44,K789TY
2248,7,R218CQ
2249,24,N392ZA
2250,172,C192CK
2251,126,J807VP
2252,41,O152IC
2253,194,S415LX
2254,145,E899VQ
2255,78,E704LJ
2256,6,V489PR
2257,118,T889QI
2258,81,C167MT
2259,163,Y233XV
2260,167,V624KM
2261,47,X357XC
2262,192,Z745VQ
2263,147,Y444ZR
2264,137,F394BY
2265,90,M570KW
2266,287,L059ZZ
2267,103,Z488NU
2268,73,R240QY
2269,245,U525SA
2270,86,S023TX
2271,61,C118YD
2272,71,M278BC
2273,18,C695NH
2274,276,I757VI
2275,159,X903TH
2276,27,Y882SS
2277,5,T870CC
2278,19,J093GF
2279,177,B427GH
2280,85,Y251KT
2281,37,J038FI
2282,162,Z074HU
2283,145,Y321QW
2284,83,A223LS
2285,12,G011OJ
2286,137,Q735PX
2287,72,I783LL
2288,145,U996PS
2289,211,N923GX
2290,44,L625WS
2291,178,S496TX
2292,110,X871PZ
2293,117,Y643CI
2294,110,E264KF
2295,262,M965VX
2296,93,W686UR
2297,67,T269MA
2298,180,S851NG
2299,101,D973ZT
2300,59,F740MM
2301,71,Z323VA
2302,14,C424XW
2303,255,P906SJ
2304,194,U614ZG
2305,42,V696VQ
2306,7,S706AI
2307,6,K582BH
2308,183,K051KC
2309,113,C248XX
2310,48,G149NB
2311,149,U979RC
2312,154,S361ZQ
2313,90,B907DR
2314,26,L949VW
2315,135,Y978WA
2316,76,B450RW
2317,137,X972MZ
2318,140,J822TR
2319,50,I874QW
2320,185,M956XZ
2321,74,X569YG
2322,137,L730UH
2323,87,J258EE
2324,275,W750YT
2325,107,Y318UY
2326,50,P261JQ
2327,173,D107QZ
2328,86,K940WW
2329,86,O258BL
2330,76,M393ET
2331,7,B206LT
2332,234,V860LM
2333,153,F075ZV
2334,30,U749VT
2335,12,H757MC
2336,6,C092PG
2337,137,Q365FE
2338,89,E735YU
2339,92,C732MJ
2340,161,V766RI
2341,127,G969TV
2342,100,C683HM
2343,9,C408WL
2344,146,Z880TL
2345,70,M418BY
2346,119,U477QZ
2347,116,S507IU
2348,50,R778TI
2349,194,I742IR
2350,94,R691QZ
2351,121,X746BI
2352,69,C344DR
2353,264,Y499ZH
2354,143,P497WY
2355,57,N062NQ
2356,159,P659JJ
2357,57,I396YS
2358,85,E072OP
2359,101,O942GA
2360,18,I072VH
2361,245,L389JT
2362,128,W568KN
2363,30,Z156ZT
2364,23,T720IF
2365,34,E054DT
2366,160,D723JQ
2367,57,L194XQ
2368,90,G132GS
2369,157,X379QI
2370,137,D530TK
2371,90,R764FA
2372,1,G616IV
2373,121,J767SZ
2374,93,Y488DE
2375,114,Q158OG
2376,118,S238NP
2377,31,W545VK
2378,177,M280TG
2379,101,M949ZX
2380,137,G193SN
2381,104,S080LX
2382,221,T793WT
2383,134,U868TV
2384,81,M557JH
2385,186,G886UG
2386,73,F475ZX
2387,71,T976AC
2388,75,C702NM
2389,32,N817IJ
2390,264,W641MP
2391,116,T886VD
2392,10,W754TZ
2393,22,E418LO
2394,38,A045IE
2395,158,E481AO
2396,54,W742JV
2397,79,I236JJ
2398,145,Z237GY
2399,140,X560YO
2400,101,Z047EA
2401,5,C341BY
2402,101,S178ZO
2403,61,N568RD
2404,142,T264QE
2405,140,R908TH
2406,21,S881IZ
2407,184,G923UI
2408,78,X198XT
2409,146,V191MH
2410,119,U712BE
2411,223,X118HI
2412,125,U796UV
2413,53,J703VG
2414,165,M405SQ
2415,71,Y756TJ
2416,67,R525EL
2417,62,B766QB
2418,32,U601KK
2419,258,R382RO
2420,154,Z993CS
2421,9,Z544XW
2422,6,J113SL
2423,17,O808GB
2424,206,I025DY
2425,71,J541WZ
2426,96,O325AO
2427,99,V746RN
2428,155,K061DW
2429,124,O935HD
2430,16,I435II
2431,110,X979HT
2432,55,R038WD
2433,98,F764NR
2434,96,N892HW
2435,39,N866YM
2436,160,X696TV
2437,73,X646YV
2438,127,V138GN
2439,148,E352TD
2440,251,I135WK
2441,114,P775ZZ
2442,64,D222SU
2443,187,S728JM
2444,71,Z026QW
2445,98,I594SB
2446,86,M853BJ
2447,16,S870LE
2448,256,U020XR
2449,154,S183ST
2450,24,Y827TY
2451,6,Q414MH
2452,28,A721JE
2453,180,C698GC
2454,78,W289LP
2455,104,Z028EA
2456,123,O727SV
2457,126,I256FR
2458,141,A579RE
2459,18,F610CH
2460,105,X459NV
2461,77,S913IP
2462,88,X898TQ
2463,71,Z866LG
2464,51,Q852WR
2465,184,I095WG
2466,56,S928WT
2467,108,Z839AI
2468,165,I666DI
2469,248,N985BO
2470,135,X979UR
2471,65,U367BR
2472,160,S672OK
2473,47,W239XN
2474,105,U115TA
2475,85,J085GL
2476,13,S807GK
2477,219,S282IZ
2478,141,U595EZ
2479,25,X186XY
2480,22,S659AH
2481,23,G335HA
2482,157,S805JE
2483,49,D917YY
2484,117,F681NH
2485,121,Z819LQ
2486,111,F200XO
2487,111,G356RG
2488,13,A674QF
2489,133,O899ZL
2490,60,N199SF
2491,112,I307RT
2492,60,M911WS
2493,28,P487VQ
2494,172,D766HW
2495,58,Z848MW
2496,143,L479DU
2497,158,R218GE
2498,210,T292FO
2499,140,X898OY
2500,67,O813ML
2501,134,D178ZO
2502,30,N465WX
2503,98,Q845EK
2504,88,K732BR
2505,15,N974OD
2506,191,L555PX
2507,138,P837MY
2508,19,U589UY
2509,31,H143XI
2510,50,D356CG
2511,200,U680HE
2512,44,V803VQ
2513,121,C805KQ
2514,108,M659RW
2515,136,I338GR
2516,105,I228SG
2517,9,F344FS
2518,147,T697QU
2519,89,A680RZ
2520,94,H148NW
2521,53,Y500NW
2522,11,Y895GU
2523,166,P133QO
2524,64,Z399XS
2525,143,M837WD
2526,137,A360PP
2527,217,I346KV
2528,128,Z769PZ
2529,75,X103PI
2530,147,T565KO
2531,26,U644TV
2532,99,I288AW
2533,82,Z252BG
2534,27,I059LS
2535,236,Q967NO
2536,117,T949MR
2537,4,Z616ZY
2538,36,I041OU
2539,63,I331JC
2540,200,T016FF
2541,40,O975TQ
2542,134,K635HL
2543,75,H278XZ
2544,150,C832YH
2545,137,U558BG
2546,10,B507JS
2547,113,Z734TU
2548,69,V436ET
2549,123,Z080JO
2550,64,Y564SI
2551,9,X587TL
2552,151,F920ST
2553,78,Y195ZY
2554,173,S320UN
2555,159,K342VA
2556,186,M255FY
2557,117,J696KI
2558,70,O726GG
2559,173,R079UH
2560,30,W148TV
2561,90,Z400UA
2562,75,M771MD
2563,23,I163EZ
2564,215,W892YB
2565,127,W956GX
2566,0,Z937WW
2567,17,I108AG
2568,75,G041JH
2569,225,O220CR
2570,40,U344SW
2571,129,A392TK
2572,54,S248YR
2573,121,R228BR
2574,151,T777FB
2575,25,E034YG
2576,102,R176AJ
2577,53,X943SB
2578,93,R962ET
2579,75,X273WJ
2580,12,N446YX
2581,170,M795MJ
2582,37,E857QD
2583,167,P552WI
2584,192,W038FD
2585,210,A348PY
2586,125,J763FY
2587,55,A423IZ
2588,119,X101SS
2589,35,S595YP
2590,98,H215KZ
2591,80,I497CN
2592,11,N991HJ
2593,211,D995RY
2594,129,U641WT
2595,17,Y043RV
2596,16,H513MV
2597,55,S226AA
2598,241,T146HB
2599,48,T798HW
2600,140,H608OJ
2601,68,X514QZ
2602,119,R056DR
2603,149,G318IV
2604,36,H112HY
2605,129,J950MG
2606,49,K175LZ
2607,76,H376ZK
2608,61,J328SC
2609,19,Z295PF
2610,155,O652LR
2611,40,X895RV
2612,139,Q115LY
2613,229,I971NE
2614,190,L716KU
2615,108,Z878YS
2616,53,N539CL
2617,113,M051YU
2618,34,X779TM
2619,107,T897IA
2620,86,K923RD
2621,11,V719LA
2622,156,W329CZ
2623,136,X362TU
2624,22,F494GT
2625,36,E292BH
2626,42,A482HI
2627,203,B636FS
2628,30,Y337UQ
2629,180,I805KO
2630,50,E969QL
2631,119,N817EQ
2632,145,V164JH
2633,20,I368EO
2634,161,G518FR
2635,79,S492IT
2636,73,C764UU
2637,47,Q138EG
2638,13,U865NY
2639,180,U816JM
2640,74,X985WY
2641,127,K512RY
2642,222,S256AB
2643,216,N323UP
2644,141,E348YN
2645,67,P942DV
2646,89,W107YJ
2647,13,W998WI
2648,92,T380JN
2649,108,H137ON
2650,11,V238AQ
2651,164,L965YJ
2652,100,Z937ZF
2653,17,N580ER
2654,39,F107FI
2655,92,Q851AA
2656,203,N394HE
2657,9,I918XZ
2658,165,U126NE
2659,66,X663NZ
2660,109,O966MD
2661,130,J843HS
2662,7,O072ER
2663,144,Y236IA
2664,54,X675HN
2665,98,Y814QH
2666,47,X043WR
2667,1,X385VR
2668,155,P310VR
2669,68,Z947WZ
2670,154,W486UA
2671,193,P701BU
2672,180,W344YA
2673,101,Y973ZY
2674,88,J349LJ
2675,90,I459RV
2676,14,V264WY
2677,75,Y272AS
2678,85,T197IC
2679,25,P720WF
2680,150,Q967XJ
2681,85,S293TY
2682,5,N275VY
2683,39,A209OC
2684,82,C060KN
2685,215,K843CO
2686,12,U008SS
2687,180,K663FR
2688,40,S951VX
2689,142,G790EZ
2690,146,E939OL
2691,15,B263NU
2692,122,H352JS
2693,50,S773ZC
2694,66,Q821MW
2695,65,Z646GX
2696,0,W555ZH
2697,135,V855JK
2698,63,Z798XV
2699,126,M252TV
2700,234,N022VH
2701,145,K773GZ
2702,88,O356NR
2703,78,P730FQ
2704,87,O922ZN
2705,17,Z183ZS
2706,108,P634BZ
2707,74,D617ZF
2708,25,X375PE
2709,164,V995WF
2710,113,Z640SX
2711,1,F440VP
2712,30,B731EM
2713,95,A782HI
2714,233,B438FV
2715,22,V963RU
2716,188,W553CL
2717,20,C887MV
2718,102,K343QQ
2719,142,P305WG
2720,31,S711TA
2721,144,L488FJ
2722,23,C586ZR
2723,61,S019RR
2724,72,I438ML
2725,14,X882SU
2726,121,Q593XD
2727,59,Z885ZX
2728,129,U919SF
2729,264,B203TV
2730,194,D577MZ
2731,109,I812YL
2732,66,N442WC
2733,92,T243TT
2734,29,Y935VT
2735,92,N707VH
2736,96,F042UR
2737,9,A599KU
2738,144,W769WG
2739,115,Y390TW
2740,11,X961JD
2741,28,F705LB
2742,90,L910IE
2743,207,T559CD
2744,34,G208ZZ
2745,171,X643CL
2746,31,P171YL
2747,85,Y775KA
2748,133,U435MI
2749,50,C974VE
2750,142,P517SA
2751,25,T482WJ
2752,39,F715ZU
2753,67,N532AY
2754,17,U032FG
2755,160,K696FY
2756,52,M991RB
2757,95,X955VA
2758,251,Y413LE
2759,221,P311QK
2760,104,L112ZU
2761,60,D071TS
2762,71,R172RX
2763,13,U304AQ
2764,122,O651TL
2765,87,B999MJ
2766,6,W110TL
2767,97,V274PY
2768,90,X955VP
2769,18,G133GH
2770,38,P083CC
2771,94,P152EH
2772,232,J774DO
2773,15,D889KY
2774,215,F602XO
2775,39,Q334YK
2776,125,A085RY
2777,122,Y591BN
2778,24,P348JJ
2779,151,F781BZ
2780,36,K748YM
2781,34,M788TK
2782,46,B417PU
2783,7,L668QY
2784,119,K926YK
2785,59,Z888ZW
2786,93,Z536XC
2787,295,E969BT
2788,156,T854HS
2789,98,U797NA
2790,69,X273EK
2791,49,Q455WQ
2792,5,V276ZW
2793,104,L124SV
2794,93,M578AS
2795,10,V812EY
2796,110,X841WQ
2797,80,G403LY
2798,6,R028JQ
2799,52,J302IJ
2800,118,K524IG
2801,223,I832YA
2802,9,I565AO
2803,211,I693KP
2804,40,S098WE
2805,116,P564XC
2806,145,H964EY
2807,24,N171GV
2808,151,O384TA
2809,49,L387MZ
2810,36,O697OP
2811,36,I789FM
2812,3,D903CV
2813,119,W846HP
2814,75,D714WO
2815,95,M886XI
2816,293,J604OF
2817,158,P199ZD
2818,81,T633SN
2819,74,K353MR
2820,76,T178PT
2821,7,Y393WX
2822,90,F285VR
2823,83,O903KP
2824,31,D816WQ
2825,122,W348MV
2826,72,G096KS
2827,4,L223KA
2828,48,F047CO
2829,122,D276EO
2830,251,E993UB
2831,9,Q801CM
2832,186,L924GU
2833,27,U986LI
2834,142,T962NH
2835,134,L458JS
2836,26,K236FC
2837,126,O987DI
2838,49,X962TI
2839,49,Y549IQ
2840,52,N833QC
2841,2,V615CA
2842,88,I425XV
2843,52,J169FW
2844,125,K489MX
2845,275,E978JN
2846,130,I096YC
2847,58,D944SZ
2848,70,W301TG
2849,78,Y646XH
2850,19,Z535XY
2851,92,Q484CZ
2852,55,I367GW
2853,19,M049PR
2854,117,Y167US
2855,80,Z885SR
2856,2,J218KF
2857,35,E421SE
2858,120,H052WB
2859,248,G973AW
2860,23,C631VH
2861,168,Z404BT
2862,16,W864VI
2863,110,V313YF
2864,160,K313RW
2865,35,N213HD
2866,140,J307RO
2867,19,T659MR
2868,35,D559XW
2869,52,Q919CO
2870,14,K735MD
2871,85,J395VR
2872,36,B784IZ
2873,104,X990VF
2874,292,K831SA
2875,135,J187IR
2876,56,R865YE
2877,39,W958EE
2878,52,K578SX
2879,27,W778RZ
2880,127,C179UV
2881,63,K135LX
2882,6,Y116SI
2883,100,V508TT
2884,98,O530NQ
2885,16,M373QO
2886,43,P290AI
2887,136,L056GK
2888,243,F655HU
2889,28,J447IJ
2890,245,E474MX
2891,15,Y296AX
2892,98,Y978CI
2893,141,Z730BV
2894,39,M833CC
2895,118,O028CZ
2896,27,Z870LS
2897,16,I256YX
2898,52,X713KD
2899,19,C533DZ
2900,89,Y447RJ
2901,57,L767ML
2902,71,K425XY
2903,289,A320VQ
2904,146,Q821GS
2905,74,Z835NG
2906,42,Z096FI
2907,34,V976PO
2908,20,S748ZZ
2909,106,Z931SF
2910,92,X420ZA
2911,7,Q051RZ
2912,90,L880DI
2913,54,X864WU
2914,32,L662IX
2915,71,O301PC
2916,143,S940DF
2917,212,E009LZ
2918,19,M810RE
2919,215,R304NS
2920,26,Q025DF
2921,104,Q190BB
2922,129,V443IS
2923,32,C412UC
2924,133,J692FV
2925,38,G468YW
2926,29,O863QW
2927,42,U744LH
2928,14,B382ZD
2929,101,S292ZK
2930,47,Z463HK
2931,84,Z081YL
2932,287,S812MB
2933,141,O138IS
2934,69,M601TX
2935,52,W551ER
2936,27,T887MT
2937,12,O952GN
2938,123,Q480RR
2939,71,O919RF
2940,12,Z572QF
2941,73,E603UG
2942,37,F939PM
2943,11,E655OX
2944,72,M266DH
2945,135,A766CT
2946,237,G265WJ
2947,6,J280QI
2948,228,G106VW
2949,45,C080FR
2950,125,T132QT
2951,120,V341QO
2952,30,J591BH
2953,120,D369LV
2954,40,W121YV
2955,33,T075OZ
2956,40,V835JI
2957,5,X934YY
2958,86,V770UM
2959,82,U272JQ
2960,92,M927RX
2961,301,U825FD
2962,113,Z971BK
2963,46,E936TV
2964,53,G223WU
2965,27,Z861PT
2966,9,H084JW
2967,97,P594UK
2968,84,Q366AZ
2969,20,L963SO
2970,82,F686AP
2971,60,R949WY
2972,3,M220LG
2973,76,B605XC
2974,167,O791JB
2975,203,S225IQ
2976,6,D914MP
2977,227,H561YO
2978,31,N472QA
2979,117,R749KO
2980,173,J662OX
2981,30,G490DL
2982,138,H791XH
2983,33,N952GM
2984,30,N177SZ
2985,36,G546KT
2986,2,O428ND
2987,52,D377XZ
2988,66,H196SQ
2989,116,U822UT
2990,300,Y426GC
2991,116,K590IW
2992,46,T905WI
2993,49,S883TA
2994,35,R383WW
2995,14,B365LZ
2996,80,X449GS
2997,66,B697PT
2998,9,P478MQ
2999,100,K123UF
