Position,CollisionCount,Occupied
0,50,1
1,8,1
2,86,1
3,179,1
4,203,1
5,20,1
6,200,1
7,15,1
8,111,1
9,141,1
10,44,1
11,112,1
12,22,1
13,17,1
14,49,1
15,16,1
16,70,1
17,43,1
18,93,1
19,332,1
20,122,1
21,48,1
22,33,1
23,24,1
24,27,1
25,102,1
26,53,1
27,2,1
28,97,1
29,75,1
30,22,1
31,77,1
32,146,1
33,187,1
34,35,1
35,202,1
36,30,1
37,91,1
38,149,1
39,64,1
40,145,1
41,16,1
42,4,1
43,38,1
44,19,1
45,70,1
46,48,1
47,64,1
48,320,1
49,144,1
50,52,1
51,24,1
52,20,1
53,18,1
54,133,1
55,63,1
56,3,1
57,73,1
58,54,1
59,37,1
60,87,1
61,160,1
62,213,1
63,38,1
64,243,1
65,39,1
66,87,1
67,123,1
68,62,1
69,139,1
70,20,1
71,3,1
72,27,1
73,22,1
74,70,1
75,60,1
76,56,1
77,300,1
78,131,1
79,62,1
80,37,1
81,9,1
82,9,1
83,122,1
84,90,1
85,9,1
86,72,1
87,24,1
88,17,1
89,102,1
90,176,1
91,169,1
92,17,1
93,180,1
94,59,1
95,113,1
96,106,1
97,57,1
98,112,1
99,39,1
100,11,1
101,30,1
102,8,1
103,50,1
104,44,1
105,67,1
106,288,1
107,95,1
108,51,1
109,58,1
110,17,1
111,8,1
112,90,1
113,43,1
114,20,1
115,97,1
116,34,1
117,12,1
118,113,1
119,183,1
120,208,1
121,14,1
122,176,1
123,74,1
124,141,1
125,126,1
126,79,1
127,97,1
128,32,1
129,18,1
130,34,1
131,4,1
132,27,1
133,33,1
134,84,1
135,318,1
136,82,1
137,31,1
138,33,1
139,16,1
140,20,1
141,127,1
142,38,1
143,9,1
144,105,1
145,59,1
146,12,1
147,95,1
148,188,1
149,201,1
150,26,1
151,182,1
152,49,1
153,135,1
154,159,1
155,81,1
156,138,1
157,12,1
158,14,1
159,40,1
160,25,1
161,29,1
162,25,1
163,76,1
164,285,1
165,121,1
166,32,1
167,20,1
168,16,1
169,30,1
170,129,1
171,29,1
172,0,1
173,126,1
174,55,1
175,25,1
176,91,1
177,187,1
178,167,1
179,29,1
180,177,1
181,41,1
182,124,1
183,157,1
184,92,1
185,92,1
186,13,1
187,1,1
188,29,1
189,23,1
190,27,1
191,23,1
192,51,1
193,270,1
194,92,1
195,68,1
196,16,1
197,3,1
198,16,1
199,143,1
200,34,1
201,3,1
202,109,1
203,48,1
204,38,1
205,115,1
206,170,1
207,176,1
208,31,1
209,182,1
210,69,1
211,149,1
212,116,1
213,81,1
214,110,1
215,21,1
216,0,1
217,10,1
218,19,1
219,38,1
220,26,1
221,47,1
222,220,1
223,90,1
224,61,1
225,31,1
226,3,1
227,9,1
228,137,1
229,41,1
230,9,1
231,93,1
232,21,1
233,37,1
234,128,1
235,178,1
236,213,1
237,18,1
238,190,1
239,87,1
240,148,1
241,135,1
242,88,1
243,92,1
244,39,1
245,14,1
246,17,1
247,16,1
248,34,1
249,42,1
250,62,1
251,245,1
252,70,1
253,80,1
254,42,1
255,10,1
256,12,1
257,141,1
258,42,1
259,13,1
260,123,1
261,27,1
262,17,1
263,122,1
264,185,1
265,157,1
266,12,1
267,162,1
268,86,1
269,152,1
270,158,1
271,94,1
272,87,1
273,35,1
274,18,1
275,27,1
276,13,1
277,8,1
278,27,1
279,73,1
280,264,1
281,51,1
282,57,1
283,33,1
284,28,1
285,21,1
286,118,1
287,23,1
288,10,1
289,116,1
290,45,1
291,13,1
292,127,1
293,168,1
294,168,1
295,18,1
296,134,1
297,66,1
298,147,1
299,151,1
300,88,1
301,80,1
302,15,1
303,13,1
304,24,1
305,22,1
306,9,1
307,13,1
308,63,1
309,263,1
310,76,1
311,45,1
312,20,1
313,13,1
314,35,1
315,120,1
316,9,1
317,1,1
318,112,1
319,60,1
320,39,1
321,110,1
322,145,1
323,147,1
324,31,1
325,179,1
326,88,1
327,149,1
328,145,1
329,134,1
330,83,1
331,15,1
332,2,1
333,17,1
334,34,1
335,26,1
336,22,1
337,54,1
338,258,1
339,92,1
340,75,1
341,40,1
342,4,1
343,26,1
344,133,1
345,44,1
346,0,0
347,104,1
348,47,1
349,44,1
350,122,1
351,192,1
352,141,1
353,31,1
354,126,1
355,84,1
356,148,1
357,128,1
358,123,1
359,112,1
360,27,1
361,0,1
362,5,1
363,34,1
364,27,1
365,33,1
366,55,1
367,215,1
368,89,1
369,83,1
370,52,1
371,3,1
372,14,1
373,140,1
374,47,1
375,13,1
376,116,1
377,33,1
378,51,1
379,127,1
380,175,1
381,127,1
382,16,1
383,107,1
384,97,1
385,160,1
386,116,1
387,123,1
388,74,1
389,28,1
390,12,1
391,11,1
392,11,1
393,25,1
394,36,1
395,77,1
396,211,1
397,63,1
398,80,1
399,46,1
400,11,1
401,14,1
402,131,1
403,36,1
404,10,1
405,95,1
406,36,1
407,39,1
408,110,1
409,212,1
410,149,1
411,12,1
412,89,1
413,99,1
414,184,1
415,117,1
416,119,1
417,90,1
418,15,1
419,25,1
420,14,1
421,17,1
422,25,1
423,24,1
424,89,1
425,233,1
426,92,1
427,69,1
428,47,1
429,25,1
430,24,1
431,97,1
432,25,1
433,5,1
434,125,1
435,46,1
436,31,1
437,98,1
438,178,1
439,166,1
440,21,1
441,77,1
442,80,1
443,184,1
444,141,1
445,121,1
446,84,1
447,9,1
448,4,1
449,25,1
450,30,1
451,21,1
452,33,1
453,84,1
454,217,1
455,110,1
456,70,1
457,49,1
458,13,1
459,40,1
460,139,1
461,23,1
462,1,1
463,95,1
464,69,1
465,56,1
466,129,1
467,167,1
468,131,1
469,33,1
470,73,1
471,79,1
472,186,1
473,124,1
474,143,1
475,85,1
476,9,1
477,0,0
478,14,1
479,46,1
480,30,1
481,19,1
482,80,1
483,175,1
484,124,1
485,96,1
486,44,1
487,7,1
488,39,1
489,134,1
490,29,1
491,0,1
492,78,1
493,75,1
494,73,1
495,127,1
496,148,1
497,140,1
498,30,1
499,98,1
500,87,1
501,198,1
502,87,1
503,145,1
504,76,1
505,16,1
506,2,1
507,7,1
508,39,1
509,42,1
510,24,1
511,78,1
512,146,1
513,134,1
514,113,1
515,50,1
516,3,1
517,35,1
518,140,1
519,42,1
520,9,1
521,95,1
522,51,1
523,75,1
524,156,1
525,186,1
526,145,1
527,14,1
528,72,1
529,79,1
530,188,1
531,133,1
532,121,1
533,59,1
534,34,1
535,14,1
536,12,1
537,22,1
538,46,1
539,39,1
540,104,1
541,132,1
542,145,1
543,114,1
544,80,1
545,10,1
546,44,1
547,129,1
548,33,1
549,17,1
550,94,1
551,50,1
552,76,1
553,134,1
554,139,1
555,146,1
556,12,1
557,39,1
558,75,1
559,201,1
560,125,1
561,122,1
562,44,1
563,21,1
564,27,1
565,16,1
566,25,1
567,31,1
568,46,1
569,124,1
570,143,1
571,126,1
572,112,1
573,56,1
574,28,1
575,58,1
576,127,1
577,27,1
578,12,1
579,81,1
580,66,1
581,58,1
582,129,1
583,152,1
584,150,1
585,19,1
586,65,1
587,83,1
588,212,1
589,150,1
590,181,1
591,44,1
592,3,1
593,8,1
594,19,1
595,42,1
596,26,1
597,38,1
598,135,1
599,157,1
600,146,1
601,104,1
602,57,1
603,23,1
604,74,1
605,103,1
606,16,1
607,5,1
608,73,1
609,87,1
610,81,1
611,118,1
612,125,1
613,144,1
614,47,1
615,68,1
616,62,1
617,180,1
618,136,1
619,162,1
620,69,1
621,9,1
622,4,1
623,24,1
624,51,1
625,58,1
626,29,1
627,154,1
628,160,1
629,160,1
630,133,1
631,65,1
632,4,1
633,80,1
634,119,1
635,35,1
636,2,1
637,46,1
638,103,1
639,114,1
640,146,1
641,94,1
642,130,1
643,32,1
644,60,1
645,82,1
646,172,1
647,95,1
648,187,1
649,57,1
650,22,1
651,4,1
652,12,1
653,52,1
654,53,1
655,58,1
656,133,1
657,136,1
658,196,1
659,145,1
660,76,1
661,3,1
662,73,1
663,88,1
664,54,1
665,11,1
666,47,1
667,80,1
668,127,1
669,123,1
670,127,1
671,129,1
672,21,1
673,47,1
674,87,1
675,228,1
676,121,1
677,200,1
678,56,1
679,31,1
680,16,1
681,24,1
682,37,1
683,54,1
684,56,1
685,167,1
686,132,1
687,175,1
688,168,1
689,81,1
690,21,1
691,68,1
692,82,1
693,59,1
694,16,1
695,63,1
696,74,1
697,106,1
698,147,1
699,136,1
700,150,1
701,21,1
702,31,1
703,66,1
704,218,1
705,136,1
706,187,1
707,40,1
708,26,1
709,32,1
710,30,1
711,40,1
712,51,1
713,60,1
714,169,1
715,143,1
716,154,1
717,131,1
718,80,1
719,30,1
720,85,1
721,78,1
722,48,1
723,20,1
724,53,1
725,108,1
726,121,1
727,112,1
728,113,1
729,144,1
730,54,1
731,37,1
732,51,1
733,231,1
734,126,1
735,183,1
736,29,1
737,16,1
738,29,1
739,62,1
740,42,1
741,46,1
742,48,1
743,205,1
744,140,1
745,206,1
746,135,1
747,48,1
748,27,1
749,134,1
750,74,1
751,42,1
752,11,1
753,43,1
754,121,1
755,170,1
756,93,1
757,97,1
758,168,1
759,58,1
760,39,1
761,80,1
762,215,1
763,121,1
764,243,1
765,48,1
766,21,1
767,12,1
768,51,1
769,63,1
770,44,1
771,42,1
772,170,1
773,149,1
774,205,1
775,155,1
776,51,1
777,9,1
778,133,1
779,96,1
780,77,1
781,8,1
782,18,1
783,119,1
784,180,1
785,122,1
786,110,1
787,139,1
788,65,1
789,56,1
790,54,1
791,196,1
792,119,1
793,220,1
794,65,1
795,35,1
796,5,1
797,58,1
798,69,1
799,58,1
800,44,1
801,151,1
802,113,1
803,190,1
804,175,1
805,77,1
806,10,1
807,124,1
808,74,1
809,83,1
810,35,1
811,41,1
812,99,1
813,202,1
814,131,1
815,98,1
816,136,1
817,48,1
818,36,1
819,61,1
820,203,1
821,93,1
822,236,1
823,52,1
824,35,1
825,40,1
826,58,1
827,45,1
828,32,1
829,50,1
830,191,1
831,100,1
832,209,1
833,173,1
834,65,1
835,26,1
836,143,1
837,69,1
838,93,1
839,37,1
840,45,1
841,124,1
842,179,1
843,123,1
844,88,1
845,174,1
846,49,1
847,19,1
848,49,1
849,249,1
850,101,1
851,205,1
852,28,1
853,52,1
854,37,1
855,68,1
856,66,1
857,32,1
858,35,1
859,192,1
860,117,1
861,197,1
862,165,1
863,77,1
864,34,1
865,175,1
866,67,1
867,75,1
868,32,1
869,47,1
870,123,1
871,181,1
872,94,1
873,57,1
874,200,1
875,62,1
876,33,1
877,46,1
878,175,1
879,114,1
880,215,1
881,25,1
882,33,1
883,48,1
884,91,1
885,92,1
886,44,1
887,33,1
888,184,1
889,126,1
890,186,1
891,157,1
892,53,1
893,22,1
894,205,1
895,103,1
896,78,1
897,42,1
898,33,1
899,155,1
900,192,1
901,106,1
902,50,1
903,166,1
904,76,1
905,39,1
906,34,1
907,182,1
908,97,1
909,226,1
910,43,1
911,25,1
912,34,1
913,83,1
914,93,1
915,35,1
916,40,1
917,185,1
918,117,1
919,204,1
920,179,1
921,37,1
922,16,1
923,251,1
924,77,1
925,109,1
926,38,1
927,40,1
928,144,1
929,236,1
930,102,1
931,43,1
932,165,1
933,71,1
934,61,1
935,46,1
936,194,1
937,98,1
938,252,1
939,33,1
940,63,1
941,37,1
942,66,1
943,103,1
944,52,1
945,32,1
946,172,1
947,121,1
948,171,1
949,193,1
950,57,1
951,9,1
952,228,1
953,78,1
954,116,1
955,44,1
956,37,1
957,114,1
958,215,1
959,107,1
960,47,1
961,148,1
962,56,1
963,34,1
964,62,1
965,170,1
966,110,1
967,238,1
968,31,1
969,75,1
970,56,1
971,77,1
972,124,1
973,37,1
974,47,1
975,164,1
976,100,1
977,154,1
978,164,1
979,79,1
980,13,1
981,203,1
982,69,1
983,129,1
984,79,1
985,32,1
986,121,1
987,211,1
988,69,1
989,60,1
990,163,1
991,62,1
992,28,1
993,34,1
994,216,1
995,100,1
996,193,1
997,27,1
998,61,1
999,73,1
1000,93,1
1001,108,1
1002,21,1
1003,39,1
1004,185,1
1005,106,1
1006,206,1
1007,142,1
1008,41,1
1009,30,1
1010,248,1
1011,53,1
1012,124,1
1013,86,1
1014,48,1
1015,160,1
1016,261,1
1017,61,1
1018,46,1
1019,170,1
1020,106,1
1021,26,1
1022,57,1
1023,209,1
1024,107,1
1025,266,1
1026,15,1
1027,52,1
1028,95,1
1029,134,1
1030,111,1
1031,27,1
1032,20,1
1033,146,1
1034,114,1
1035,178,1
1036,215,1
1037,39,1
1038,23,1
1039,252,1
1040,76,1
1041,127,1
1042,63,1
1043,64,1
1044,159,1
1045,268,1
1046,69,1
1047,38,1
1048,156,1
1049,109,1
1050,34,1
1051,46,1
1052,169,1
1053,82,1
1054,251,1
1055,33,1
1056,63,1
1057,90,1
1058,128,1
1059,162,1
1060,42,1
1061,24,1
1062,130,1
1063,98,1
1064,195,1
1065,179,1
1066,25,1
1067,13,1
1068,256,1
1069,93,1
1070,153,1
1071,70,1
1072,42,1
1073,154,1
1074,304,1
1075,49,1
1076,38,1
1077,141,1
1078,105,1
1079,37,1
1080,52,1
1081,146,1
1082,94,1
1083,235,1
1084,40,1
1085,60,1
1086,73,1
1087,123,1
1088,159,1
1089,29,1
1090,43,1
1091,165,1
1092,82,1
1093,166,1
1094,229,1
1095,33,1
1096,19,1
1097,261,1
1098,96,1
1099,166,1
1100,108,1
1101,40,1
1102,178,1
1103,323,1
1104,80,1
1105,50,1
1106,183,1
1107,120,1
1108,33,1
1109,51,1
1110,235,1
1111,89,1
1112,237,1
1113,33,1
1114,84,1
1115,107,1
1116,147,1
1117,152,1
1118,15,1
1119,38,1
1120,152,1
1121,116,1
1122,142,1
1123,206,1
1124,45,1
1125,32,1
1126,256,1
1127,78,1
1128,199,1
1129,121,1
1130,70,1
1131,168,1
1132,321,1
1133,64,1
1134,51,1
1135,177,1
1136,115,1
1137,24,1
1138,44,1
1139,192,1
1140,83,1
1141,256,1
1142,15,1
1143,65,1
1144,122,1
1145,144,1
1146,158,1
1147,11,1
1148,26,1
1149,168,1
1150,100,1
1151,133,1
1152,185,1
1153,31,1
1154,38,1
1155,312,1
1156,76,1
1157,194,1
1158,138,1
1159,73,1
1160,182,1
1161,315,1
1162,36,1
1163,48,1
1164,207,1
1165,123,1
1166,17,1
1167,23,1
1168,188,1
1169,98,1
1170,238,1
1171,14,1
1172,54,1
1173,142,1
1174,146,1
1175,173,1
1176,14,1
1177,13,1
1178,141,1
1179,122,1
1180,185,1
1181,173,1
1182,16,1
1183,34,1
1184,315,1
1185,95,1
1186,175,1
1187,120,1
1188,73,1
1189,195,1
1190,329,1
1191,44,1
1192,44,1
1193,206,1
1194,142,1
1195,34,1
1196,28,1
1197,149,1
1198,101,1
1199,271,1
1200,26,1
1201,61,1
1202,124,1
1203,149,1
1204,175,1
1205,14,1
1206,10,1
1207,107,1
1208,110,1
1209,113,1
1210,219,1
1211,11,1
1212,37,1
1213,329,1
1214,100,1
1215,207,1
1216,136,1
1217,80,1
1218,220,1
1219,382,1
1220,55,1
1221,37,1
1222,180,1
1223,153,1
1224,38,1
1225,36,1
1226,132,1
1227,101,1
1228,227,1
1229,41,1
1230,56,1
1231,126,1
1232,166,1
1233,184,1
1234,24,1
1235,19,1
1236,107,1
1237,90,1
1238,131,1
1239,174,1
1240,28,1
1241,35,1
1242,313,1
1243,83,1
1244,222,1
1245,173,1
1246,74,1
1247,196,1
1248,382,1
1249,41,1
1250,68,1
1251,169,1
1252,136,1
1253,20,1
1254,41,1
1255,146,1
1256,73,1
1257,219,1
1258,39,1
1259,70,1
1260,152,1
1261,150,1
1262,186,1
1263,15,1
1264,33,1
1265,149,1
1266,79,1
1267,85,1
1268,186,1
1269,42,1
1270,43,1
1271,320,1
1272,82,1
1273,239,1
1274,211,1
1275,71,1
1276,201,1
1277,361,1
1278,27,1
1279,74,1
1280,216,1
1281,131,1
1282,30,1
1283,43,1
1284,168,1
1285,108,1
1286,232,1
1287,14,1
1288,67,1
1289,170,1
1290,156,1
1291,164,1
1292,1,1
1293,37,1
1294,112,1
1295,119,1
1296,81,1
1297,162,1
1298,30,1
1299,66,1
1300,320,1
1301,84,1
1302,228,1
1303,226,1
1304,101,1
1305,220,1
1306,397,1
1307,17,1
1308,83,1
1309,208,1
1310,163,1
1311,25,1
1312,33,1
1313,148,1
1314,112,1
1315,238,1
1316,23,1
1317,59,1
1318,156,1
1319,192,1
1320,177,1
1321,10,1
1322,12,1
1323,113,1
1324,78,1
1325,76,1
1326,157,1
1327,16,1
1328,68,1
1329,324,1
1330,82,1
1331,209,1
1332,203,1
1333,73,1
1334,238,1
1335,414,1
1336,17,1
1337,67,1
1338,194,1
1339,173,1
1340,40,1
1341,22,1
1342,126,1
1343,105,1
1344,239,1
1345,31,1
1346,47,1
1347,156,1
1348,173,1
1349,190,1
1350,17,1
1351,18,1
1352,71,1
1353,79,1
1354,121,1
1355,176,1
1356,8,1
1357,51,1
1358,346,1
1359,110,1
1360,238,1
1361,251,1
1362,76,1
1363,224,1
1364,443,1
1365,17,1
1366,60,1
1367,163,1
1368,166,1
1369,51,1
1370,30,1
1371,129,1
1372,117,1
1373,222,1
1374,32,1
1375,88,1
1376,168,1
1377,161,1
1378,175,1
1379,22,1
1380,40,1
1381,76,1
1382,55,1
1383,104,1
1384,194,1
1385,23,1
1386,50,1
1387,357,1
1388,75,1
1389,255,1
1390,229,1
1391,87,1
1392,219,1
1393,451,1
1394,35,1
1395,81,1
1396,184,1
1397,162,1
1398,43,1
1399,53,1
1400,150,1
1401,91,1
1402,194,1
1403,28,1
1404,91,1
1405,156,1
1406,186,1
1407,170,1
1408,12,1
1409,52,1
1410,74,1
1411,51,1
1412,51,1
1413,202,1
1414,35,1
1415,78,1
1416,314,1
1417,69,1
1418,231,1
1419,305,1
1420,79,1
1421,221,1
1422,445,1
1423,15,1
1424,85,1
1425,185,1
1426,147,1
1427,30,1
1428,53,1
1429,155,1
1430,103,1
1431,187,1
1432,18,1
1433,81,1
1434,197,1
1435,179,1
1436,189,1
1437,3,1
1438,54,1
1439,109,1
1440,57,1
1441,92,1
1442,161,1
1443,32,1
1444,97,1
1445,367,1
1446,84,1
1447,229,1
1448,325,1
1449,124,1
1450,233,1
1451,450,1
1452,1,1
1453,71,1
1454,224,1
1455,168,1
1456,31,1
1457,39,1
1458,155,1
1459,110,1
1460,213,1
1461,21,1
1462,79,1
1463,167,1
1464,195,1
1465,176,1
1466,0,0
1467,56,1
1468,77,1
1469,73,1
1470,100,1
1471,182,1
1472,14,1
1473,100,1
1474,364,1
1475,94,1
1476,244,1
1477,297,1
1478,107,1
1479,246,1
1480,443,1
1481,13,1
1482,68,1
1483,212,1
1484,176,1
1485,49,1
1486,34,1
1487,154,1
1488,84,1
1489,189,1
1490,28,1
1491,77,1
1492,142,1
1493,174,1
1494,201,1
1495,10,1
1496,47,1
1497,51,1
1498,53,1
1499,103,1
1500,169,1
1501,12,1
1502,85,1
1503,370,1
1504,105,1
1505,242,1
1506,286,1
1507,102,1
1508,229,1
1509,439,1
1510,17,1
1511,71,1
1512,173,1
1513,148,1
1514,63,1
1515,45,1
1516,145,1
1517,76,1
1518,171,1
1519,38,1
1520,93,1
1521,194,1
1522,154,1
1523,168,1
1524,16,1
1525,63,1
1526,90,1
1527,28,1
1528,99,1
1529,190,1
1530,21,1
1531,71,1
1532,366,1
1533,98,1
1534,259,1
1535,338,1
1536,124,1
1537,215,1
1538,436,1
1539,26,1
1540,60,1
1541,210,1
1542,142,1
1543,79,1
1544,88,1
1545,155,1
1546,101,1
1547,122,1
1548,26,1
1549,103,1
1550,200,1
1551,152,1
1552,136,1
1553,18,1
1554,91,1
1555,88,1
1556,46,1
1557,97,1
1558,156,1
1559,27,1
1560,76,1
1561,359,1
1562,68,1
1563,224,1
1564,341,1
1565,140,1
1566,246,1
1567,472,1
1568,10,1
1569,81,1
1570,212,1
1571,166,1
1572,72,1
1573,81,1
1574,149,1
1575,89,1
1576,131,1
1577,8,1
1578,99,1
1579,232,1
1580,186,1
1581,127,1
1582,3,1
1583,95,1
1584,105,1
1585,48,1
1586,79,1
1587,132,1
1588,30,1
1589,93,1
1590,347,1
1591,72,1
1592,214,1
1593,364,1
1594,102,1
1595,231,1
1596,481,1
1597,3,1
1598,57,1
1599,208,1
1600,154,1
1601,54,1
1602,88,1
1603,155,1
1604,110,1
1605,158,1
1606,21,1
1607,87,1
1608,228,1
1609,174,1
1610,175,1
1611,1,1
1612,99,1
1613,98,1
1614,56,1
1615,89,1
1616,133,1
1617,13,1
1618,74,1
1619,350,1
1620,106,1
1621,238,1
1622,324,1
1623,102,1
1624,240,1
1625,463,1
1626,5,1
1627,42,1
1628,217,1
1629,185,1
1630,64,1
1631,102,1
1632,145,1
1633,105,1
1634,143,1
1635,29,1
1636,92,1
1637,189,1
1638,189,1
1639,120,1
1640,11,1
1641,84,1
1642,68,1
1643,24,1
1644,113,1
1645,148,1
1646,15,1
1647,61,1
1648,311,1
1649,87,1
1650,252,1
1651,337,1
1652,109,1
1653,239,1
1654,514,1
1655,15,1
1656,64,1
1657,226,1
1658,166,1
1659,87,1
1660,99,1
1661,133,1
1662,75,1
1663,133,1
1664,49,1
1665,123,1
1666,200,1
1667,181,1
1668,129,1
1669,22,1
1670,119,1
1671,65,1
1672,17,1
1673,120,1
1674,166,1
1675,24,1
1676,71,1
1677,310,1
1678,103,1
1679,240,1
1680,366,1
1681,103,1
1682,241,1
1683,465,1
1684,20,1
1685,67,1
1686,187,1
1687,140,1
1688,74,1
1689,120,1
1690,155,1
1691,64,1
1692,105,1
1693,23,1
1694,135,1
1695,218,1
1696,154,1
1697,103,1
1698,15,1
1699,129,1
1700,93,1
1701,15,1
1702,113,1
1703,155,1
1704,33,1
1705,61,1
1706,318,1
1707,70,1
1708,236,1
1709,367,1
1710,95,1
1711,198,1
1712,431,1
1713,27,1
1714,60,1
1715,229,1
1716,129,1
1717,60,1
1718,114,1
1719,165,1
1720,106,1
1721,108,1
1722,13,1
1723,156,1
1724,230,1
1725,158,1
1726,81,1
1727,5,1
1728,146,1
1729,120,1
1730,22,1
1731,96,1
1732,122,1
1733,24,1
1734,79,1
1735,321,1
1736,66,1
1737,194,1
1738,349,1
1739,133,1
1740,286,1
1741,458,1
1742,13,1
1743,58,1
1744,263,1
1745,173,1
1746,82,1
1747,133,1
1748,158,1
1749,73,1
1750,115,1
1751,18,1
1752,153,1
1753,211,1
1754,203,1
1755,93,1
1756,4,1
1757,131,1
1758,108,1
1759,33,1
1760,145,1
1761,130,1
1762,11,1
1763,63,1
1764,340,1
1765,74,1
1766,177,1
1767,400,1
1768,116,1
1769,246,1
1770,482,1
1771,12,1
1772,34,1
1773,233,1
1774,143,1
1775,71,1
1776,121,1
1777,166,1
1778,75,1
1779,141,1
1780,28,1
1781,143,1
1782,188,1
1783,138,1
1784,122,1
1785,12,1
1786,118,1
1787,89,1
1788,27,1
1789,159,1
1790,136,1
1791,14,1
1792,49,1
1793,288,1
1794,88,1
1795,232,1
1796,386,1
1797,105,1
1798,251,1
1799,424,1
1800,34,1
1801,42,1
1802,221,1
1803,128,1
1804,101,1
1805,128,1
1806,147,1
1807,49,1
1808,89,1
1809,40,1
1810,179,1
1811,205,1
1812,155,1
1813,78,1
1814,23,1
1815,150,1
1816,110,1
1817,7,1
1818,156,1
1819,136,1
1820,21,1
1821,47,1
1822,288,1
1823,88,1
1824,200,1
1825,347,1
1826,121,1
1827,210,1
1828,435,1
1829,46,1
1830,65,1
1831,295,1
1832,113,1
1833,91,1
1834,181,1
1835,155,1
1836,41,1
1837,75,1
1838,22,1
1839,184,1
1840,200,1
1841,131,1
1842,48,1
1843,11,1
1844,157,1
1845,113,1
1846,4,1
1847,163,1
1848,114,1
1849,37,1
1850,63,1
1851,307,1
1852,54,1
1853,209,1
1854,399,1
1855,113,1
1856,233,1
1857,370,1
1858,46,1
1859,76,1
1860,232,1
1861,99,1
1862,68,1
1863,170,1
1864,159,1
1865,51,1
1866,59,1
1867,19,1
1868,220,1
1869,264,1
1870,116,1
1871,65,1
1872,3,1
1873,143,1
1874,144,1
1875,16,1
1876,140,1
1877,145,1
1878,21,1
1879,56,1
1880,310,1
1881,64,1
1882,156,1
1883,358,1
1884,119,1
1885,197,1
1886,343,1
1887,27,1
1888,68,1
1889,270,1
1890,104,1
1891,61,1
1892,172,1
1893,134,1
1894,67,1
1895,90,1
1896,13,1
1897,222,1
1898,236,1
1899,133,1
1900,66,1
1901,3,1
1902,137,1
1903,144,1
1904,30,1
1905,179,1
1906,114,1
1907,14,1
1908,37,1
1909,285,1
1910,71,1
1911,169,1
1912,342,1
1913,114,1
1914,240,1
1915,371,1
1916,34,1
1917,31,1
1918,279,1
1919,135,1
1920,82,1
1921,206,1
1922,132,1
1923,53,1
1924,90,1
1925,21,1
1926,192,1
1927,193,1
1928,129,1
1929,59,1
1930,13,1
1931,159,1
1932,123,1
1933,33,1
1934,182,1
1935,147,1
1936,12,1
1937,19,1
1938,274,1
1939,85,1
1940,181,1
1941,368,1
1942,88,1
1943,229,1
1944,399,1
1945,66,1
1946,62,1
1947,250,1
1948,124,1
1949,76,1
1950,191,1
1951,156,1
1952,32,1
1953,105,1
1954,36,1
1955,230,1
1956,223,1
1957,122,1
1958,39,1
1959,32,1
1960,140,1
1961,113,1
1962,13,1
1963,207,1
1964,144,1
1965,41,1
1966,26,1
1967,239,1
1968,76,1
1969,194,1
1970,348,1
1971,87,1
1972,180,1
1973,334,1
1974,83,1
1975,62,1
1976,242,1
1977,78,1
1978,65,1
1979,198,1
1980,138,1
1981,40,1
1982,87,1
1983,22,1
1984,239,1
1985,223,1
1986,90,1
1987,20,1
1988,13,1
1989,174,1
1990,140,1
1991,17,1
1992,176,1
1993,139,1
1994,42,1
1995,28,1
1996,211,1
1997,68,1
1998,182,1
1999,346,1
2000,117,1
2001,191,1
2002,316,1
2003,77,1
2004,89,1
2005,270,1
2006,98,1
2007,73,1
2008,193,1
2009,166,1
2010,47,1
2011,65,1
2012,18,1
2013,252,1
2014,213,1
2015,116,1
2016,11,1
2017,0,1
2018,144,1
2019,137,1
2020,19,1
2021,189,1
2022,114,1
2023,44,1
2024,37,1
2025,263,1
2026,71,1
2027,168,1
2028,300,1
2029,99,1
2030,221,1
2031,296,1
2032,89,1
2033,91,1
2034,292,1
2035,111,1
2036,47,1
2037,198,1
2038,138,1
2039,55,1
2040,105,1
2041,12,1
2042,249,1
2043,195,1
2044,119,1
2045,24,1
2046,7,1
2047,125,1
2048,139,1
2049,36,1
2050,210,1
2051,136,1
2052,34,1
2053,16,1
2054,220,1
2055,63,1
2056,169,1
2057,270,1
2058,106,1
2059,206,1
2060,281,1
2061,74,1
2062,55,1
2063,275,1
2064,111,1
2065,71,1
2066,190,1
2067,124,1
2068,47,1
2069,106,1
2070,27,1
2071,226,1
2072,196,1
2073,97,1
2074,31,1
2075,15,1
2076,150,1
2077,137,1
2078,36,1
2079,233,1
2080,122,1
2081,29,1
2082,8,1
2083,226,1
2084,82,1
2085,158,1
2086,270,1
2087,94,1
2088,191,1
2089,281,1
2090,87,1
2091,63,1
2092,322,1
2093,112,1
2094,94,1
2095,220,1
2096,119,1
2097,21,1
2098,100,1
2099,32,1
2100,257,1
2101,170,1
2102,76,1
2103,19,1
2104,30,1
2105,154,1
2106,117,1
2107,34,1
2108,215,1
2109,135,1
2110,48,1
2111,14,1
2112,178,1
2113,87,1
2114,176,1
2115,287,1
2116,78,1
2117,223,1
2118,237,1
2119,104,1
2120,70,1
2121,309,1
2122,99,1
2123,77,1
2124,220,1
2125,156,1
2126,31,1
2127,85,1
2128,12,1
2129,268,1
2130,208,1
2131,57,1
2132,3,1
2133,19,1
2134,152,1
2135,143,1
2136,28,1
2137,207,1
2138,127,1
2139,57,1
2140,26,1
2141,184,1
2142,56,1
2143,164,1
2144,241,1
2145,78,1
2146,175,1
2147,198,1
2148,119,1
2149,66,1
2150,309,1
2151,85,1
2152,53,1
2153,229,1
2154,109,1
2155,52,1
2156,75,1
2157,14,1
2158,250,1
2159,196,1
2160,60,1
2161,2,1
2162,5,1
2163,145,1
2164,139,1
2165,32,1
2166,206,1
2167,111,1
2168,59,1
2169,28,1
2170,174,1
2171,63,1
2172,125,1
2173,205,1
2174,110,1
2175,188,1
2176,159,1
2177,94,1
2178,83,1
2179,301,1
2180,99,1
2181,76,1
2182,215,1
2183,120,1
2184,61,1
2185,77,1
2186,13,1
2187,248,1
2188,184,1
2189,63,1
2190,14,1
2191,9,1
2192,120,1
2193,134,1
2194,49,1
2195,208,1
2196,103,1
2197,40,1
2198,10,1
2199,194,1
2200,91,1
2201,118,1
2202,194,1
2203,66,1
2204,198,1
2205,179,1
2206,87,1
2207,78,1
2208,277,1
2209,112,1
2210,65,1
2211,219,1
2212,93,1
2213,56,1
2214,98,1
2215,23,1
2216,264,1
2217,165,1
2218,54,1
2219,22,1
2220,19,1
2221,154,1
2222,114,1
2223,41,1
2224,207,1
2225,131,1
2226,48,1
2227,2,1
2228,161,1
2229,92,1
2230,157,1
2231,204,1
2232,55,1
2233,199,1
2234,175,1
2235,134,1
2236,52,1
2237,282,1
2238,116,1
2239,71,1
2240,209,1
2241,78,1
2242,64,1
2243,84,1
2244,23,1
2245,249,1
2246,173,1
2247,44,1
2248,7,1
2249,24,1
2250,172,1
2251,126,1
2252,41,1
2253,194,1
2254,145,1
2255,78,1
2256,6,1
2257,118,1
2258,81,1
2259,163,1
2260,167,1
2261,47,1
2262,192,1
2263,147,1
2264,137,1
2265,90,1
2266,287,1
2267,103,1
2268,73,1
2269,245,1
2270,86,1
2271,61,1
2272,71,1
2273,18,1
2274,276,1
2275,159,1
2276,27,1
2277,5,1
2278,19,1
2279,177,1
2280,85,1
2281,37,1
2282,162,1
2283,145,1
2284,83,1
2285,12,1
2286,137,1
2287,72,1
2288,145,1
2289,211,1
2290,44,1
2291,178,1
2292,110,1
2293,117,1
2294,110,1
2295,262,1
2296,93,1
2297,67,1
2298,180,1
2299,101,1
2300,59,1
2301,71,1
2302,14,1
2303,255,1
2304,194,1
2305,42,1
2306,7,1
2307,6,1
2308,183,1
2309,113,1
2310,48,1
2311,149,1
2312,154,1
2313,90,1
2314,26,1
2315,135,1
2316,76,1
2317,137,1
2318,140,1
2319,50,1
2320,185,1
2321,74,1
2322,137,1
2323,87,1
2324,275,1
2325,107,1
2326,50,1
2327,173,1
2328,86,1
2329,86,1
2330,76,1
2331,7,1
2332,234,1
2333,153,1
2334,30,1
2335,12,1
2336,6,1
2337,137,1
2338,89,1
2339,92,1
2340,161,1
2341,127,1
2342,100,1
2343,9,1
2344,146,1
2345,70,1
2346,119,1
2347,116,1
2348,50,1
2349,194,1
2350,94,1
2351,121,1
2352,69,1
2353,264,1
2354,143,1
2355,57,1
2356,159,1
2357,57,1
2358,85,1
2359,101,1
2360,18,1
2361,245,1
2362,128,1
2363,30,1
2364,23,1
2365,34,1
2366,160,1
2367,57,1
2368,90,1
2369,157,1
2370,137,1
2371,90,1
2372,1,1
2373,121,1
2374,93,1
2375,114,1
2376,118,1
2377,31,1
2378,177,1
2379,101,1
2380,137,1
2381,104,1
2382,221,1
2383,134,1
2384,81,1
2385,186,1
2386,73,1
2387,71,1
2388,75,1
2389,32,1
2390,264,1
2391,116,1
2392,10,1
2393,22,1
2394,38,1
2395,158,1
2396,54,1
2397,79,1
2398,145,1
2399,140,1
2400,101,1
2401,5,1
2402,101,1
2403,61,1
2404,142,1
2405,140,1
2406,21,1
2407,184,1
2408,78,1
2409,146,1
2410,119,1
2411,223,1
2412,125,1
2413,53,1
2414,165,1
2415,71,1
2416,67,1
2417,62,1
2418,32,1
2419,258,1
2420,154,1
2421,9,1
2422,6,1
2423,17,1
2424,206,1
2425,71,1
2426,96,1
2427,99,1
2428,155,1
2429,124,1
2430,16,1
2431,110,1
2432,55,1
2433,98,1
2434,96,1
2435,39,1
2436,160,1
2437,73,1
2438,127,1
2439,148,1
2440,251,1
2441,114,1
2442,64,1
2443,187,1
2444,71,1
2445,98,1
2446,86,1
2447,16,1
2448,256,1
2449,154,1
2450,24,1
2451,6,1
2452,28,1
2453,180,1
2454,78,1
2455,104,1
2456,123,1
2457,126,1
2458,141,1
2459,18,1
2460,105,1
2461,77,1
2462,88,1
2463,71,1
2464,51,1
2465,184,1
2466,56,1
2467,108,1
2468,165,1
2469,248,1
2470,135,1
2471,65,1
2472,160,1
2473,47,1
2474,105,1
2475,85,1
2476,13,1
2477,219,1
2478,141,1
2479,25,1
2480,22,1
2481,23,1
2482,157,1
2483,49,1
2484,117,1
2485,121,1
2486,111,1
2487,111,1
2488,13,1
2489,133,1
2490,60,1
2491,112,1
2492,60,1
2493,28,1
2494,172,1
2495,58,1
2496,143,1
2497,158,1
2498,210,1
2499,140,1
2500,67,1
2501,134,1
2502,30,1
2503,98,1
2504,88,1
2505,15,1
2506,191,1
2507,138,1
2508,19,1
2509,31,1
2510,50,1
2511,200,1
2512,44,1
2513,121,1
2514,108,1
2515,136,1
2516,105,1
2517,9,1
2518,147,1
2519,89,1
2520,94,1
2521,53,1
2522,11,1
2523,166,1
2524,64,1
2525,143,1
2526,137,1
2527,217,1
2528,128,1
2529,75,1
2530,147,1
2531,26,1
2532,99,1
2533,82,1
2534,27,1
2535,236,1
2536,117,1
2537,4,1
2538,36,1
2539,63,1
2540,200,1
2541,40,1
2542,134,1
2543,75,1
2544,150,1
2545,137,1
2546,10,1
2547,113,1
2548,69,1
2549,123,1
2550,64,1
2551,9,1
2552,151,1
2553,78,1
2554,173,1
2555,159,1
2556,186,1
2557,117,1
2558,70,1
2559,173,1
2560,30,1
2561,90,1
2562,75,1
2563,23,1
2564,215,1
2565,127,1
2566,0,1
2567,17,1
2568,75,1
2569,225,1
2570,40,1
2571,129,1
2572,54,1
2573,121,1
2574,151,1
2575,25,1
2576,102,1
2577,53,1
2578,93,1
2579,75,1
2580,12,1
2581,170,1
2582,37,1
2583,167,1
2584,192,1
2585,210,1
2586,125,1
2587,55,1
2588,119,1
2589,35,1
2590,98,1
2591,80,1
2592,11,1
2593,211,1
2594,129,1
2595,17,1
2596,16,1
2597,55,1
2598,241,1
2599,48,1
2600,140,1
2601,68,1
2602,119,1
2603,149,1
2604,36,1
2605,129,1
2606,49,1
2607,76,1
2608,61,1
2609,19,1
2610,155,1
2611,40,1
2612,139,1
2613,229,1
2614,190,1
2615,108,1
2616,53,1
2617,113,1
2618,34,1
2619,107,1
2620,86,1
2621,11,1
2622,156,1
2623,136,1
2624,22,1
2625,36,1
2626,42,1
2627,203,1
2628,30,1
2629,180,1
2630,50,1
2631,119,1
2632,145,1
2633,20,1
2634,161,1
2635,79,1
2636,73,1
2637,47,1
2638,13,1
2639,180,1
2640,74,1
2641,127,1
2642,222,1
2643,216,1
2644,141,1
2645,67,1
2646,89,1
2647,13,1
2648,92,1
2649,108,1
2650,11,1
2651,164,1
2652,100,1
2653,17,1
2654,39,1
2655,92,1
2656,203,1
2657,9,1
2658,165,1
2659,66,1
2660,109,1
2661,130,1
2662,7,1
2663,144,1
2664,54,1
2665,98,1
2666,47,1
2667,1,1
2668,155,1
2669,68,1
2670,154,1
2671,193,1
2672,180,1
2673,101,1
2674,88,1
2675,90,1
2676,14,1
2677,75,1
2678,85,1
2679,25,1
2680,150,1
2681,85,1
2682,5,1
2683,39,1
2684,82,1
2685,215,1
2686,12,1
2687,180,1
2688,40,1
2689,142,1
2690,146,1
2691,15,1
2692,122,1
2693,50,1
2694,66,1
2695,65,1
2696,0,1
2697,135,1
2698,63,1
2699,126,1
2700,234,1
2701,145,1
2702,88,1
2703,78,1
2704,87,1
2705,17,1
2706,108,1
2707,74,1
2708,25,1
2709,164,1
2710,113,1
2711,1,1
2712,30,1
2713,95,1
2714,233,1
2715,22,1
2716,188,1
2717,20,1
2718,102,1
2719,142,1
2720,31,1
2721,144,1
2722,23,1
2723,61,1
2724,72,1
2725,14,1
2726,121,1
2727,59,1
2728,129,1
2729,264,1
2730,194,1
2731,109,1
2732,66,1
2733,92,1
2734,29,1
2735,92,1
2736,96,1
2737,9,1
2738,144,1
2739,115,1
2740,11,1
2741,28,1
2742,90,1
2743,207,1
2744,34,1
2745,171,1
2746,31,1
2747,85,1
2748,133,1
2749,50,1
2750,142,1
2751,25,1
2752,39,1
2753,67,1
2754,17,1
2755,160,1
2756,52,1
2757,95,1
2758,251,1
2759,221,1
2760,104,1
2761,60,1
2762,71,1
2763,13,1
2764,122,1
2765,87,1
2766,6,1
2767,97,1
2768,90,1
2769,18,1
2770,38,1
2771,94,1
2772,232,1
2773,15,1
2774,215,1
2775,39,1
2776,125,1
2777,122,1
2778,24,1
2779,151,1
2780,36,1
2781,34,1
2782,46,1
2783,7,1
2784,119,1
2785,59,1
2786,93,1
2787,295,1
2788,156,1
2789,98,1
2790,69,1
2791,49,1
2792,5,1
2793,104,1
2794,93,1
2795,10,1
2796,110,1
2797,80,1
2798,6,1
2799,52,1
2800,118,1
2801,223,1
2802,9,1
2803,211,1
2804,40,1
2805,116,1
2806,145,1
2807,24,1
2808,151,1
2809,49,1
2810,36,1
2811,36,1
2812,3,1
2813,119,1
2814,75,1
2815,95,1
2816,293,1
2817,158,1
2818,81,1
2819,74,1
2820,76,1
2821,7,1
2822,90,1
2823,83,1
2824,31,1
2825,122,1
2826,72,1
2827,4,1
2828,48,1
2829,122,1
2830,251,1
2831,9,1
2832,186,1
2833,27,1
2834,142,1
2835,134,1
2836,26,1
2837,126,1
2838,49,1
2839,49,1
2840,52,1
2841,2,1
2842,88,1
2843,52,1
2844,125,1
2845,275,1
2846,130,1
2847,58,1
2848,70,1
2849,78,1
2850,19,1
2851,92,1
2852,55,1
2853,19,1
2854,117,1
2855,80,1
2856,2,1
2857,35,1
2858,120,1
2859,248,1
2860,23,1
2861,168,1
2862,16,1
2863,110,1
2864,160,1
2865,35,1
2866,140,1
2867,19,1
2868,35,1
2869,52,1
2870,14,1
2871,85,1
2872,36,1
2873,104,1
2874,292,1
2875,135,1
2876,56,1
2877,39,1
2878,52,1
2879,27,1
2880,127,1
2881,63,1
2882,6,1
2883,100,1
2884,98,1
2885,16,1
2886,43,1
2887,136,1
2888,243,1
2889,28,1
2890,245,1
2891,15,1
2892,98,1
2893,141,1
2894,39,1
2895,118,1
2896,27,1
2897,16,1
2898,52,1
2899,19,1
2900,89,1
2901,57,1
2902,71,1
2903,289,1
2904,146,1
2905,74,1
2906,42,1
2907,34,1
2908,20,1
2909,106,1
2910,92,1
2911,7,1
2912,90,1
2913,54,1
2914,32,1
2915,71,1
2916,143,1
2917,212,1
2918,19,1
2919,215,1
2920,26,1
2921,104,1
2922,129,1
2923,32,1
2924,133,1
2925,38,1
2926,29,1
2927,42,1
2928,14,1
2929,101,1
2930,47,1
2931,84,1
2932,287,1
2933,141,1
2934,69,1
2935,52,1
2936,27,1
2937,12,1
2938,123,1
2939,71,1
2940,12,1
2941,73,1
2942,37,1
2943,11,1
2944,72,1
2945,135,1
2946,237,1
2947,6,1
2948,228,1
2949,45,1
2950,125,1
2951,120,1
2952,30,1
2953,120,1
2954,40,1
2955,33,1
2956,40,1
2957,5,1
2958,86,1
2959,82,1
2960,92,1
2961,301,1
2962,113,1
2963,46,1
2964,53,1
2965,27,1
2966,9,1
2967,97,1
2968,84,1
2969,20,1
2970,82,1
2971,60,1
2972,3,1
2973,76,1
2974,167,1
2975,203,1
2976,6,1
2977,227,1
2978,31,1
2979,117,1
2980,173,1
2981,30,1
2982,138,1
2983,33,1
2984,30,1
2985,36,1
2986,2,1
2987,52,1
2988,66,1
2989,116,1
2990,300,1
2991,116,1
2992,46,1
2993,49,1
2994,35,1
2995,14,1
2996,80,1
2997,66,1
2998,9,1
2999,100,1
